CREATE DATABASE IF NOT EXISTS global_logistics_db;
USE global_logistics_db;
DROP TABLE IF EXISTS Returns;
DROP TABLE IF EXISTS Inventory;
DROP TABLE IF EXISTS Suppliers;
DROP TABLE IF EXISTS Invoices;
DROP TABLE IF EXISTS Routes;
DROP TABLE IF EXISTS Couriers;
DROP TABLE IF EXISTS Products;
DROP TABLE IF EXISTS Shipments;
DROP TABLE IF EXISTS Warehouses;
DROP TABLE IF EXISTS Customers;
DROP TABLE IF EXISTS regions;
DROP TABLE IF EXISTS categories;
DROP TABLE IF EXISTS reviews;
CREATE TABLE IF NOT EXISTS Customers (customer_id INT PRIMARY KEY, first_name VARCHAR(50), last_name VARCHAR(50), country VARCHAR(50), loyalty_score INT);
INSERT INTO Customers VALUES (1, 'First1', 'Last1', 'France', 167);
INSERT INTO Customers VALUES (2, 'First2', 'Last2', 'Canada', 829);
INSERT INTO Customers VALUES (3, 'First3', 'Last3', 'Brazil', 574);
INSERT INTO Customers VALUES (4, 'First4', 'Last4', 'India', 59);
INSERT INTO Customers VALUES (5, 'First5', 'Last5', 'India', 80);
INSERT INTO Customers VALUES (6, 'First6', 'Last6', 'USA', 684);
INSERT INTO Customers VALUES (7, 'First7', 'Last7', 'Japan', 888);
INSERT INTO Customers VALUES (8, 'First8', 'Last8', 'UK', 94);
INSERT INTO Customers VALUES (9, 'First9', 'Last9', 'France', 126);
INSERT INTO Customers VALUES (10, 'First10', 'Last10', 'India', 583);
INSERT INTO Customers VALUES (11, 'First11', 'Last11', 'Brazil', 684);
INSERT INTO Customers VALUES (12, 'First12', 'Last12', 'Germany', 10);
INSERT INTO Customers VALUES (13, 'First13', 'Last13', 'Japan', 452);
INSERT INTO Customers VALUES (14, 'First14', 'Last14', 'France', 733);
INSERT INTO Customers VALUES (15, 'First15', 'Last15', 'UK', 62);
INSERT INTO Customers VALUES (16, 'First16', 'Last16', 'France', 917);
INSERT INTO Customers VALUES (17, 'First17', 'Last17', 'France', 591);
INSERT INTO Customers VALUES (18, 'First18', 'Last18', 'Brazil', 281);
INSERT INTO Customers VALUES (19, 'First19', 'Last19', 'France', 474);
INSERT INTO Customers VALUES (20, 'First20', 'Last20', 'Japan', 64);
INSERT INTO Customers VALUES (21, 'First21', 'Last21', 'France', 187);
INSERT INTO Customers VALUES (22, 'First22', 'Last22', 'UK', 563);
INSERT INTO Customers VALUES (23, 'First23', 'Last23', 'India', 474);
INSERT INTO Customers VALUES (24, 'First24', 'Last24', 'USA', 949);
INSERT INTO Customers VALUES (25, 'First25', 'Last25', 'USA', 578);
INSERT INTO Customers VALUES (26, 'First26', 'Last26', 'Germany', 664);
INSERT INTO Customers VALUES (27, 'First27', 'Last27', 'India', 868);
INSERT INTO Customers VALUES (28, 'First28', 'Last28', 'Canada', 242);
INSERT INTO Customers VALUES (29, 'First29', 'Last29', 'Japan', 244);
INSERT INTO Customers VALUES (30, 'First30', 'Last30', 'Canada', 355);
INSERT INTO Customers VALUES (31, 'First31', 'Last31', 'UK', 321);
INSERT INTO Customers VALUES (32, 'First32', 'Last32', 'Canada', 163);
INSERT INTO Customers VALUES (33, 'First33', 'Last33', 'Japan', 170);
INSERT INTO Customers VALUES (34, 'First34', 'Last34', 'Germany', 910);
INSERT INTO Customers VALUES (35, 'First35', 'Last35', 'Canada', 765);
INSERT INTO Customers VALUES (36, 'First36', 'Last36', 'UK', 144);
INSERT INTO Customers VALUES (37, 'First37', 'Last37', 'Brazil', 801);
INSERT INTO Customers VALUES (38, 'First38', 'Last38', 'Japan', 591);
INSERT INTO Customers VALUES (39, 'First39', 'Last39', 'India', 916);
INSERT INTO Customers VALUES (40, 'First40', 'Last40', 'USA', 745);
INSERT INTO Customers VALUES (41, 'First41', 'Last41', 'France', 269);
INSERT INTO Customers VALUES (42, 'First42', 'Last42', 'Japan', 899);
INSERT INTO Customers VALUES (43, 'First43', 'Last43', 'UK', 180);
INSERT INTO Customers VALUES (44, 'First44', 'Last44', 'Germany', 127);
INSERT INTO Customers VALUES (45, 'First45', 'Last45', 'India', 813);
INSERT INTO Customers VALUES (46, 'First46', 'Last46', 'UK', 721);
INSERT INTO Customers VALUES (47, 'First47', 'Last47', 'Japan', 663);
INSERT INTO Customers VALUES (48, 'First48', 'Last48', 'UK', 622);
INSERT INTO Customers VALUES (49, 'First49', 'Last49', 'UK', 905);
INSERT INTO Customers VALUES (50, 'First50', 'Last50', 'Japan', 403);
INSERT INTO Customers VALUES (51, 'First51', 'Last51', 'USA', 592);
INSERT INTO Customers VALUES (52, 'First52', 'Last52', 'UK', 684);
INSERT INTO Customers VALUES (53, 'First53', 'Last53', 'USA', 83);
INSERT INTO Customers VALUES (54, 'First54', 'Last54', 'UK', 969);
INSERT INTO Customers VALUES (55, 'First55', 'Last55', 'Brazil', 127);
INSERT INTO Customers VALUES (56, 'First56', 'Last56', 'Canada', 2);
INSERT INTO Customers VALUES (57, 'First57', 'Last57', 'Canada', 369);
INSERT INTO Customers VALUES (58, 'First58', 'Last58', 'UK', 736);
INSERT INTO Customers VALUES (59, 'First59', 'Last59', 'Brazil', 800);
INSERT INTO Customers VALUES (60, 'First60', 'Last60', 'Canada', 516);
INSERT INTO Customers VALUES (61, 'First61', 'Last61', 'Japan', 28);
INSERT INTO Customers VALUES (62, 'First62', 'Last62', 'Canada', 674);
INSERT INTO Customers VALUES (63, 'First63', 'Last63', 'India', 909);
INSERT INTO Customers VALUES (64, 'First64', 'Last64', 'Japan', 265);
INSERT INTO Customers VALUES (65, 'First65', 'Last65', 'France', 288);
INSERT INTO Customers VALUES (66, 'First66', 'Last66', 'UK', 859);
INSERT INTO Customers VALUES (67, 'First67', 'Last67', 'Canada', 760);
INSERT INTO Customers VALUES (68, 'First68', 'Last68', 'Germany', 863);
INSERT INTO Customers VALUES (69, 'First69', 'Last69', 'Canada', 875);
INSERT INTO Customers VALUES (70, 'First70', 'Last70', 'Germany', 134);
INSERT INTO Customers VALUES (71, 'First71', 'Last71', 'Canada', 682);
INSERT INTO Customers VALUES (72, 'First72', 'Last72', 'France', 483);
INSERT INTO Customers VALUES (73, 'First73', 'Last73', 'India', 800);
INSERT INTO Customers VALUES (74, 'First74', 'Last74', 'Germany', 530);
INSERT INTO Customers VALUES (75, 'First75', 'Last75', 'Germany', 707);
INSERT INTO Customers VALUES (76, 'First76', 'Last76', 'Brazil', 960);
INSERT INTO Customers VALUES (77, 'First77', 'Last77', 'Japan', 906);
INSERT INTO Customers VALUES (78, 'First78', 'Last78', 'Japan', 248);
INSERT INTO Customers VALUES (79, 'First79', 'Last79', 'Canada', 851);
INSERT INTO Customers VALUES (80, 'First80', 'Last80', 'Canada', 130);
INSERT INTO Customers VALUES (81, 'First81', 'Last81', 'UK', 833);
INSERT INTO Customers VALUES (82, 'First82', 'Last82', 'France', 437);
INSERT INTO Customers VALUES (83, 'First83', 'Last83', 'India', 361);
INSERT INTO Customers VALUES (84, 'First84', 'Last84', 'Canada', 263);
INSERT INTO Customers VALUES (85, 'First85', 'Last85', 'Germany', 801);
INSERT INTO Customers VALUES (86, 'First86', 'Last86', 'Brazil', 513);
INSERT INTO Customers VALUES (87, 'First87', 'Last87', 'Brazil', 198);
INSERT INTO Customers VALUES (88, 'First88', 'Last88', 'Canada', 389);
INSERT INTO Customers VALUES (89, 'First89', 'Last89', 'India', 818);
INSERT INTO Customers VALUES (90, 'First90', 'Last90', 'Canada', 486);
INSERT INTO Customers VALUES (91, 'First91', 'Last91', 'Japan', 692);
INSERT INTO Customers VALUES (92, 'First92', 'Last92', 'Japan', 370);
INSERT INTO Customers VALUES (93, 'First93', 'Last93', 'Brazil', 939);
INSERT INTO Customers VALUES (94, 'First94', 'Last94', 'Germany', 647);
INSERT INTO Customers VALUES (95, 'First95', 'Last95', 'France', 637);
INSERT INTO Customers VALUES (96, 'First96', 'Last96', 'UK', 998);
INSERT INTO Customers VALUES (97, 'First97', 'Last97', 'USA', 42);
INSERT INTO Customers VALUES (98, 'First98', 'Last98', 'Canada', 468);
INSERT INTO Customers VALUES (99, 'First99', 'Last99', 'India', 957);
INSERT INTO Customers VALUES (100, 'First100', 'Last100', 'UK', 274);
INSERT INTO Customers VALUES (101, 'First101', 'Last101', 'France', 648);
INSERT INTO Customers VALUES (102, 'First102', 'Last102', 'Canada', 969);
INSERT INTO Customers VALUES (103, 'First103', 'Last103', 'Germany', 632);
INSERT INTO Customers VALUES (104, 'First104', 'Last104', 'France', 859);
INSERT INTO Customers VALUES (105, 'First105', 'Last105', 'Brazil', 896);
INSERT INTO Customers VALUES (106, 'First106', 'Last106', 'India', 329);
INSERT INTO Customers VALUES (107, 'First107', 'Last107', 'Brazil', 323);
INSERT INTO Customers VALUES (108, 'First108', 'Last108', 'Canada', 668);
INSERT INTO Customers VALUES (109, 'First109', 'Last109', 'Canada', 53);
INSERT INTO Customers VALUES (110, 'First110', 'Last110', 'Canada', 647);
INSERT INTO Customers VALUES (111, 'First111', 'Last111', 'Canada', 67);
INSERT INTO Customers VALUES (112, 'First112', 'Last112', 'Canada', 161);
INSERT INTO Customers VALUES (113, 'First113', 'Last113', 'France', 895);
INSERT INTO Customers VALUES (114, 'First114', 'Last114', 'UK', 137);
INSERT INTO Customers VALUES (115, 'First115', 'Last115', 'Germany', 638);
INSERT INTO Customers VALUES (116, 'First116', 'Last116', 'Brazil', 314);
INSERT INTO Customers VALUES (117, 'First117', 'Last117', 'Brazil', 166);
INSERT INTO Customers VALUES (118, 'First118', 'Last118', 'Canada', 207);
INSERT INTO Customers VALUES (119, 'First119', 'Last119', 'India', 197);
INSERT INTO Customers VALUES (120, 'First120', 'Last120', 'Germany', 955);
INSERT INTO Customers VALUES (121, 'First121', 'Last121', 'France', 673);
INSERT INTO Customers VALUES (122, 'First122', 'Last122', 'USA', 635);
INSERT INTO Customers VALUES (123, 'First123', 'Last123', 'USA', 130);
INSERT INTO Customers VALUES (124, 'First124', 'Last124', 'France', 824);
INSERT INTO Customers VALUES (125, 'First125', 'Last125', 'USA', 467);
INSERT INTO Customers VALUES (126, 'First126', 'Last126', 'Germany', 897);
INSERT INTO Customers VALUES (127, 'First127', 'Last127', 'Germany', 865);
INSERT INTO Customers VALUES (128, 'First128', 'Last128', 'UK', 705);
INSERT INTO Customers VALUES (129, 'First129', 'Last129', 'UK', 436);
INSERT INTO Customers VALUES (130, 'First130', 'Last130', 'Canada', 479);
INSERT INTO Customers VALUES (131, 'First131', 'Last131', 'Brazil', 970);
INSERT INTO Customers VALUES (132, 'First132', 'Last132', 'France', 868);
INSERT INTO Customers VALUES (133, 'First133', 'Last133', 'France', 550);
INSERT INTO Customers VALUES (134, 'First134', 'Last134', 'India', 391);
INSERT INTO Customers VALUES (135, 'First135', 'Last135', 'France', 258);
INSERT INTO Customers VALUES (136, 'First136', 'Last136', 'India', 303);
INSERT INTO Customers VALUES (137, 'First137', 'Last137', 'Japan', 69);
INSERT INTO Customers VALUES (138, 'First138', 'Last138', 'Germany', 740);
INSERT INTO Customers VALUES (139, 'First139', 'Last139', 'Japan', 820);
INSERT INTO Customers VALUES (140, 'First140', 'Last140', 'Brazil', 787);
INSERT INTO Customers VALUES (141, 'First141', 'Last141', 'France', 775);
INSERT INTO Customers VALUES (142, 'First142', 'Last142', 'France', 770);
INSERT INTO Customers VALUES (143, 'First143', 'Last143', 'Japan', 217);
INSERT INTO Customers VALUES (144, 'First144', 'Last144', 'Canada', 467);
INSERT INTO Customers VALUES (145, 'First145', 'Last145', 'Germany', 794);
INSERT INTO Customers VALUES (146, 'First146', 'Last146', 'Japan', 15);
INSERT INTO Customers VALUES (147, 'First147', 'Last147', 'Canada', 982);
INSERT INTO Customers VALUES (148, 'First148', 'Last148', 'UK', 988);
INSERT INTO Customers VALUES (149, 'First149', 'Last149', 'Canada', 772);
INSERT INTO Customers VALUES (150, 'First150', 'Last150', 'USA', 62);
CREATE TABLE IF NOT EXISTS Warehouses (warehouse_id INT PRIMARY KEY, warehouse_name VARCHAR(100), location VARCHAR(50), capacity INT);
INSERT INTO Warehouses VALUES (1, 'Warehouse-1', 'Canada', 46425);
INSERT INTO Warehouses VALUES (2, 'Warehouse-2', 'USA', 26284);
INSERT INTO Warehouses VALUES (3, 'Warehouse-3', 'Germany', 50907);
INSERT INTO Warehouses VALUES (4, 'Warehouse-4', 'UK', 19216);
INSERT INTO Warehouses VALUES (5, 'Warehouse-5', 'Japan', 56137);
INSERT INTO Warehouses VALUES (6, 'Warehouse-6', 'India', 16546);
INSERT INTO Warehouses VALUES (7, 'Warehouse-7', 'Germany', 11967);
INSERT INTO Warehouses VALUES (8, 'Warehouse-8', 'India', 75197);
INSERT INTO Warehouses VALUES (9, 'Warehouse-9', 'UK', 17948);
INSERT INTO Warehouses VALUES (10, 'Warehouse-10', 'USA', 75207);
INSERT INTO Warehouses VALUES (11, 'Warehouse-11', 'Brazil', 85288);
INSERT INTO Warehouses VALUES (12, 'Warehouse-12', 'UK', 55352);
INSERT INTO Warehouses VALUES (13, 'Warehouse-13', 'Germany', 92319);
INSERT INTO Warehouses VALUES (14, 'Warehouse-14', 'USA', 27797);
INSERT INTO Warehouses VALUES (15, 'Warehouse-15', 'Germany', 23799);
INSERT INTO Warehouses VALUES (16, 'Warehouse-16', 'France', 98011);
INSERT INTO Warehouses VALUES (17, 'Warehouse-17', 'Germany', 60442);
INSERT INTO Warehouses VALUES (18, 'Warehouse-18', 'Germany', 69330);
INSERT INTO Warehouses VALUES (19, 'Warehouse-19', 'Germany', 91454);
INSERT INTO Warehouses VALUES (20, 'Warehouse-20', 'France', 30154);
INSERT INTO Warehouses VALUES (21, 'Warehouse-21', 'Brazil', 65737);
INSERT INTO Warehouses VALUES (22, 'Warehouse-22', 'Japan', 36236);
INSERT INTO Warehouses VALUES (23, 'Warehouse-23', 'UK', 47186);
INSERT INTO Warehouses VALUES (24, 'Warehouse-24', 'India', 15802);
INSERT INTO Warehouses VALUES (25, 'Warehouse-25', 'Germany', 91793);
INSERT INTO Warehouses VALUES (26, 'Warehouse-26', 'USA', 79305);
INSERT INTO Warehouses VALUES (27, 'Warehouse-27', 'Japan', 53943);
INSERT INTO Warehouses VALUES (28, 'Warehouse-28', 'France', 97819);
INSERT INTO Warehouses VALUES (29, 'Warehouse-29', 'USA', 96322);
INSERT INTO Warehouses VALUES (30, 'Warehouse-30', 'Brazil', 90813);
INSERT INTO Warehouses VALUES (31, 'Warehouse-31', 'USA', 89530);
INSERT INTO Warehouses VALUES (32, 'Warehouse-32', 'USA', 73278);
INSERT INTO Warehouses VALUES (33, 'Warehouse-33', 'Brazil', 91958);
INSERT INTO Warehouses VALUES (34, 'Warehouse-34', 'USA', 83693);
INSERT INTO Warehouses VALUES (35, 'Warehouse-35', 'France', 85603);
INSERT INTO Warehouses VALUES (36, 'Warehouse-36', 'USA', 91500);
INSERT INTO Warehouses VALUES (37, 'Warehouse-37', 'France', 71646);
INSERT INTO Warehouses VALUES (38, 'Warehouse-38', 'Germany', 12131);
INSERT INTO Warehouses VALUES (39, 'Warehouse-39', 'Germany', 51247);
INSERT INTO Warehouses VALUES (40, 'Warehouse-40', 'Germany', 78124);
INSERT INTO Warehouses VALUES (41, 'Warehouse-41', 'Germany', 59242);
INSERT INTO Warehouses VALUES (42, 'Warehouse-42', 'Germany', 21008);
INSERT INTO Warehouses VALUES (43, 'Warehouse-43', 'Germany', 21712);
INSERT INTO Warehouses VALUES (44, 'Warehouse-44', 'UK', 52671);
INSERT INTO Warehouses VALUES (45, 'Warehouse-45', 'USA', 73650);
INSERT INTO Warehouses VALUES (46, 'Warehouse-46', 'Germany', 95631);
INSERT INTO Warehouses VALUES (47, 'Warehouse-47', 'USA', 17850);
INSERT INTO Warehouses VALUES (48, 'Warehouse-48', 'Japan', 50978);
INSERT INTO Warehouses VALUES (49, 'Warehouse-49', 'France', 78742);
INSERT INTO Warehouses VALUES (50, 'Warehouse-50', 'Germany', 67268);
INSERT INTO Warehouses VALUES (51, 'Warehouse-51', 'UK', 65466);
INSERT INTO Warehouses VALUES (52, 'Warehouse-52', 'Germany', 10732);
INSERT INTO Warehouses VALUES (53, 'Warehouse-53', 'Germany', 31456);
INSERT INTO Warehouses VALUES (54, 'Warehouse-54', 'France', 94329);
INSERT INTO Warehouses VALUES (55, 'Warehouse-55', 'Brazil', 98778);
INSERT INTO Warehouses VALUES (56, 'Warehouse-56', 'Germany', 58500);
INSERT INTO Warehouses VALUES (57, 'Warehouse-57', 'Germany', 93014);
INSERT INTO Warehouses VALUES (58, 'Warehouse-58', 'Germany', 13854);
INSERT INTO Warehouses VALUES (59, 'Warehouse-59', 'Japan', 70598);
INSERT INTO Warehouses VALUES (60, 'Warehouse-60', 'Germany', 56175);
INSERT INTO Warehouses VALUES (61, 'Warehouse-61', 'Germany', 53329);
INSERT INTO Warehouses VALUES (62, 'Warehouse-62', 'Germany', 38984);
INSERT INTO Warehouses VALUES (63, 'Warehouse-63', 'Brazil', 48255);
INSERT INTO Warehouses VALUES (64, 'Warehouse-64', 'Brazil', 71773);
INSERT INTO Warehouses VALUES (65, 'Warehouse-65', 'Brazil', 63164);
INSERT INTO Warehouses VALUES (66, 'Warehouse-66', 'Brazil', 18797);
INSERT INTO Warehouses VALUES (67, 'Warehouse-67', 'Canada', 90833);
INSERT INTO Warehouses VALUES (68, 'Warehouse-68', 'Brazil', 80575);
INSERT INTO Warehouses VALUES (69, 'Warehouse-69', 'France', 95521);
INSERT INTO Warehouses VALUES (70, 'Warehouse-70', 'Japan', 46794);
INSERT INTO Warehouses VALUES (71, 'Warehouse-71', 'Germany', 83563);
INSERT INTO Warehouses VALUES (72, 'Warehouse-72', 'Brazil', 26266);
INSERT INTO Warehouses VALUES (73, 'Warehouse-73', 'Brazil', 76713);
INSERT INTO Warehouses VALUES (74, 'Warehouse-74', 'India', 47061);
INSERT INTO Warehouses VALUES (75, 'Warehouse-75', 'Canada', 69307);
INSERT INTO Warehouses VALUES (76, 'Warehouse-76', 'Japan', 61086);
INSERT INTO Warehouses VALUES (77, 'Warehouse-77', 'Germany', 74076);
INSERT INTO Warehouses VALUES (78, 'Warehouse-78', 'Japan', 20606);
INSERT INTO Warehouses VALUES (79, 'Warehouse-79', 'Germany', 46684);
INSERT INTO Warehouses VALUES (80, 'Warehouse-80', 'Canada', 48594);
INSERT INTO Warehouses VALUES (81, 'Warehouse-81', 'Germany', 14386);
INSERT INTO Warehouses VALUES (82, 'Warehouse-82', 'UK', 56159);
INSERT INTO Warehouses VALUES (83, 'Warehouse-83', 'UK', 64396);
INSERT INTO Warehouses VALUES (84, 'Warehouse-84', 'Germany', 68619);
INSERT INTO Warehouses VALUES (85, 'Warehouse-85', 'India', 60694);
INSERT INTO Warehouses VALUES (86, 'Warehouse-86', 'USA', 30696);
INSERT INTO Warehouses VALUES (87, 'Warehouse-87', 'India', 95509);
INSERT INTO Warehouses VALUES (88, 'Warehouse-88', 'France', 17360);
INSERT INTO Warehouses VALUES (89, 'Warehouse-89', 'UK', 17460);
INSERT INTO Warehouses VALUES (90, 'Warehouse-90', 'Germany', 32987);
INSERT INTO Warehouses VALUES (91, 'Warehouse-91', 'Brazil', 77706);
INSERT INTO Warehouses VALUES (92, 'Warehouse-92', 'France', 38260);
INSERT INTO Warehouses VALUES (93, 'Warehouse-93', 'UK', 56644);
INSERT INTO Warehouses VALUES (94, 'Warehouse-94', 'Germany', 80270);
INSERT INTO Warehouses VALUES (95, 'Warehouse-95', 'Brazil', 70858);
INSERT INTO Warehouses VALUES (96, 'Warehouse-96', 'USA', 21665);
INSERT INTO Warehouses VALUES (97, 'Warehouse-97', 'France', 29548);
INSERT INTO Warehouses VALUES (98, 'Warehouse-98', 'Germany', 33422);
INSERT INTO Warehouses VALUES (99, 'Warehouse-99', 'Brazil', 62753);
INSERT INTO Warehouses VALUES (100, 'Warehouse-100', 'Canada', 53660);
INSERT INTO Warehouses VALUES (101, 'Warehouse-101', 'India', 42023);
INSERT INTO Warehouses VALUES (102, 'Warehouse-102', 'Germany', 30213);
INSERT INTO Warehouses VALUES (103, 'Warehouse-103', 'Japan', 38074);
INSERT INTO Warehouses VALUES (104, 'Warehouse-104', 'Brazil', 42099);
INSERT INTO Warehouses VALUES (105, 'Warehouse-105', 'Germany', 13278);
INSERT INTO Warehouses VALUES (106, 'Warehouse-106', 'Germany', 39104);
INSERT INTO Warehouses VALUES (107, 'Warehouse-107', 'Japan', 67670);
INSERT INTO Warehouses VALUES (108, 'Warehouse-108', 'Japan', 28612);
INSERT INTO Warehouses VALUES (109, 'Warehouse-109', 'Germany', 55824);
INSERT INTO Warehouses VALUES (110, 'Warehouse-110', 'India', 44173);
INSERT INTO Warehouses VALUES (111, 'Warehouse-111', 'Brazil', 58400);
INSERT INTO Warehouses VALUES (112, 'Warehouse-112', 'France', 42992);
INSERT INTO Warehouses VALUES (113, 'Warehouse-113', 'Japan', 81149);
INSERT INTO Warehouses VALUES (114, 'Warehouse-114', 'Brazil', 44236);
INSERT INTO Warehouses VALUES (115, 'Warehouse-115', 'USA', 26665);
INSERT INTO Warehouses VALUES (116, 'Warehouse-116', 'Canada', 24749);
INSERT INTO Warehouses VALUES (117, 'Warehouse-117', 'Germany', 79012);
INSERT INTO Warehouses VALUES (118, 'Warehouse-118', 'Germany', 54942);
INSERT INTO Warehouses VALUES (119, 'Warehouse-119', 'Canada', 29071);
INSERT INTO Warehouses VALUES (120, 'Warehouse-120', 'Germany', 31124);
CREATE TABLE IF NOT EXISTS Shipments (shipment_id INT PRIMARY KEY, status VARCHAR(50), shipping_cost DECIMAL(10,2), destination VARCHAR(100));
INSERT INTO Shipments VALUES (1, 'Pending', 759.28, 'Dest1');
INSERT INTO Shipments VALUES (2, 'Lost', 492.89, 'Dest2');
INSERT INTO Shipments VALUES (3, 'Pending', 305.01, 'Dest3');
INSERT INTO Shipments VALUES (4, 'Lost', 760.27, 'Dest4');
INSERT INTO Shipments VALUES (5, 'In Transit', 311.69, 'Dest5');
INSERT INTO Shipments VALUES (6, 'Lost', 403.26, 'Dest6');
INSERT INTO Shipments VALUES (7, 'Delayed', 967.4, 'Dest7');
INSERT INTO Shipments VALUES (8, 'Pending', 702.02, 'Dest8');
INSERT INTO Shipments VALUES (9, 'In Transit', 237.68, 'Dest9');
INSERT INTO Shipments VALUES (10, 'Delivered', 807.59, 'Dest10');
INSERT INTO Shipments VALUES (11, 'Delayed', 818.36, 'Dest11');
INSERT INTO Shipments VALUES (12, 'Lost', 260.41, 'Dest12');
INSERT INTO Shipments VALUES (13, 'In Transit', 764.49, 'Dest13');
INSERT INTO Shipments VALUES (14, 'Pending', 84.21, 'Dest14');
INSERT INTO Shipments VALUES (15, 'Delivered', 570.42, 'Dest15');
INSERT INTO Shipments VALUES (16, 'Lost', 871.0, 'Dest16');
INSERT INTO Shipments VALUES (17, 'In Transit', 869.83, 'Dest17');
INSERT INTO Shipments VALUES (18, 'In Transit', 824.02, 'Dest18');
INSERT INTO Shipments VALUES (19, 'Lost', 417.85, 'Dest19');
INSERT INTO Shipments VALUES (20, 'Lost', 98.85, 'Dest20');
INSERT INTO Shipments VALUES (21, 'Pending', 858.17, 'Dest21');
INSERT INTO Shipments VALUES (22, 'Lost', 869.05, 'Dest22');
INSERT INTO Shipments VALUES (23, 'Lost', 725.51, 'Dest23');
INSERT INTO Shipments VALUES (24, 'Delivered', 845.3, 'Dest24');
INSERT INTO Shipments VALUES (25, 'Delivered', 885.89, 'Dest25');
INSERT INTO Shipments VALUES (26, 'Delivered', 522.24, 'Dest26');
INSERT INTO Shipments VALUES (27, 'Lost', 893.19, 'Dest27');
INSERT INTO Shipments VALUES (28, 'Delivered', 974.53, 'Dest28');
INSERT INTO Shipments VALUES (29, 'Pending', 277.38, 'Dest29');
INSERT INTO Shipments VALUES (30, 'Delayed', 807.0, 'Dest30');
INSERT INTO Shipments VALUES (31, 'Lost', 774.87, 'Dest31');
INSERT INTO Shipments VALUES (32, 'Delayed', 948.92, 'Dest32');
INSERT INTO Shipments VALUES (33, 'Pending', 491.68, 'Dest33');
INSERT INTO Shipments VALUES (34, 'Delayed', 201.64, 'Dest34');
INSERT INTO Shipments VALUES (35, 'In Transit', 955.85, 'Dest35');
INSERT INTO Shipments VALUES (36, 'Delayed', 638.96, 'Dest36');
INSERT INTO Shipments VALUES (37, 'Delivered', 363.16, 'Dest37');
INSERT INTO Shipments VALUES (38, 'Delayed', 675.4, 'Dest38');
INSERT INTO Shipments VALUES (39, 'In Transit', 195.69, 'Dest39');
INSERT INTO Shipments VALUES (40, 'Pending', 461.73, 'Dest40');
INSERT INTO Shipments VALUES (41, 'Pending', 476.52, 'Dest41');
INSERT INTO Shipments VALUES (42, 'Lost', 407.57, 'Dest42');
INSERT INTO Shipments VALUES (43, 'Pending', 312.78, 'Dest43');
INSERT INTO Shipments VALUES (44, 'Delivered', 164.22, 'Dest44');
INSERT INTO Shipments VALUES (45, 'Pending', 453.62, 'Dest45');
INSERT INTO Shipments VALUES (46, 'Delivered', 172.75, 'Dest46');
INSERT INTO Shipments VALUES (47, 'In Transit', 154.6, 'Dest47');
INSERT INTO Shipments VALUES (48, 'In Transit', 198.42, 'Dest48');
INSERT INTO Shipments VALUES (49, 'Lost', 177.58, 'Dest49');
INSERT INTO Shipments VALUES (50, 'In Transit', 493.01, 'Dest50');
INSERT INTO Shipments VALUES (51, 'In Transit', 856.6, 'Dest51');
INSERT INTO Shipments VALUES (52, 'Pending', 572.49, 'Dest52');
INSERT INTO Shipments VALUES (53, 'Lost', 336.17, 'Dest53');
INSERT INTO Shipments VALUES (54, 'In Transit', 595.03, 'Dest54');
INSERT INTO Shipments VALUES (55, 'Pending', 69.85, 'Dest55');
INSERT INTO Shipments VALUES (56, 'Delayed', 218.28, 'Dest56');
INSERT INTO Shipments VALUES (57, 'Lost', 548.95, 'Dest57');
INSERT INTO Shipments VALUES (58, 'Delivered', 306.54, 'Dest58');
INSERT INTO Shipments VALUES (59, 'Delivered', 871.26, 'Dest59');
INSERT INTO Shipments VALUES (60, 'Delayed', 612.43, 'Dest60');
INSERT INTO Shipments VALUES (61, 'In Transit', 923.39, 'Dest61');
INSERT INTO Shipments VALUES (62, 'In Transit', 807.06, 'Dest62');
INSERT INTO Shipments VALUES (63, 'In Transit', 522.07, 'Dest63');
INSERT INTO Shipments VALUES (64, 'Delivered', 599.84, 'Dest64');
INSERT INTO Shipments VALUES (65, 'Delayed', 627.2, 'Dest65');
INSERT INTO Shipments VALUES (66, 'Delivered', 151.42, 'Dest66');
INSERT INTO Shipments VALUES (67, 'Pending', 712.21, 'Dest67');
INSERT INTO Shipments VALUES (68, 'Delayed', 619.24, 'Dest68');
INSERT INTO Shipments VALUES (69, 'Lost', 923.72, 'Dest69');
INSERT INTO Shipments VALUES (70, 'In Transit', 326.47, 'Dest70');
INSERT INTO Shipments VALUES (71, 'Pending', 77.0, 'Dest71');
INSERT INTO Shipments VALUES (72, 'In Transit', 634.59, 'Dest72');
INSERT INTO Shipments VALUES (73, 'Pending', 96.99, 'Dest73');
INSERT INTO Shipments VALUES (74, 'Delayed', 852.29, 'Dest74');
INSERT INTO Shipments VALUES (75, 'Pending', 885.39, 'Dest75');
INSERT INTO Shipments VALUES (76, 'Delivered', 475.6, 'Dest76');
INSERT INTO Shipments VALUES (77, 'In Transit', 186.86, 'Dest77');
INSERT INTO Shipments VALUES (78, 'Delivered', 288.95, 'Dest78');
INSERT INTO Shipments VALUES (79, 'Lost', 663.55, 'Dest79');
INSERT INTO Shipments VALUES (80, 'Lost', 602.38, 'Dest80');
INSERT INTO Shipments VALUES (81, 'Lost', 800.12, 'Dest81');
INSERT INTO Shipments VALUES (82, 'In Transit', 106.84, 'Dest82');
INSERT INTO Shipments VALUES (83, 'Lost', 640.57, 'Dest83');
INSERT INTO Shipments VALUES (84, 'Lost', 949.34, 'Dest84');
INSERT INTO Shipments VALUES (85, 'Delivered', 472.87, 'Dest85');
INSERT INTO Shipments VALUES (86, 'In Transit', 780.01, 'Dest86');
INSERT INTO Shipments VALUES (87, 'Delivered', 210.09, 'Dest87');
INSERT INTO Shipments VALUES (88, 'Lost', 260.9, 'Dest88');
INSERT INTO Shipments VALUES (89, 'In Transit', 661.24, 'Dest89');
INSERT INTO Shipments VALUES (90, 'Delivered', 168.28, 'Dest90');
INSERT INTO Shipments VALUES (91, 'Pending', 666.3, 'Dest91');
INSERT INTO Shipments VALUES (92, 'Lost', 873.31, 'Dest92');
INSERT INTO Shipments VALUES (93, 'Lost', 987.9, 'Dest93');
INSERT INTO Shipments VALUES (94, 'Delivered', 420.87, 'Dest94');
INSERT INTO Shipments VALUES (95, 'Delayed', 82.11, 'Dest95');
INSERT INTO Shipments VALUES (96, 'Delivered', 347.43, 'Dest96');
INSERT INTO Shipments VALUES (97, 'Delayed', 123.62, 'Dest97');
INSERT INTO Shipments VALUES (98, 'Delayed', 709.37, 'Dest98');
INSERT INTO Shipments VALUES (99, 'Lost', 555.03, 'Dest99');
INSERT INTO Shipments VALUES (100, 'Lost', 942.36, 'Dest100');
INSERT INTO Shipments VALUES (101, 'Lost', 165.2, 'Dest101');
INSERT INTO Shipments VALUES (102, 'Delivered', 362.6, 'Dest102');
INSERT INTO Shipments VALUES (103, 'Delivered', 806.61, 'Dest103');
INSERT INTO Shipments VALUES (104, 'Delivered', 216.52, 'Dest104');
INSERT INTO Shipments VALUES (105, 'Delayed', 549.27, 'Dest105');
INSERT INTO Shipments VALUES (106, 'Delayed', 787.61, 'Dest106');
INSERT INTO Shipments VALUES (107, 'Delivered', 819.63, 'Dest107');
INSERT INTO Shipments VALUES (108, 'Delayed', 331.92, 'Dest108');
INSERT INTO Shipments VALUES (109, 'In Transit', 696.23, 'Dest109');
INSERT INTO Shipments VALUES (110, 'Delivered', 393.65, 'Dest110');
INSERT INTO Shipments VALUES (111, 'Delivered', 452.93, 'Dest111');
INSERT INTO Shipments VALUES (112, 'Delivered', 663.39, 'Dest112');
INSERT INTO Shipments VALUES (113, 'Lost', 214.59, 'Dest113');
INSERT INTO Shipments VALUES (114, 'Delayed', 331.22, 'Dest114');
INSERT INTO Shipments VALUES (115, 'Pending', 285.69, 'Dest115');
INSERT INTO Shipments VALUES (116, 'Pending', 933.46, 'Dest116');
INSERT INTO Shipments VALUES (117, 'Lost', 828.02, 'Dest117');
INSERT INTO Shipments VALUES (118, 'Delayed', 954.46, 'Dest118');
INSERT INTO Shipments VALUES (119, 'Lost', 695.45, 'Dest119');
INSERT INTO Shipments VALUES (120, 'Delayed', 359.15, 'Dest120');
INSERT INTO Shipments VALUES (121, 'Delayed', 308.85, 'Dest121');
INSERT INTO Shipments VALUES (122, 'Lost', 511.91, 'Dest122');
INSERT INTO Shipments VALUES (123, 'Pending', 842.14, 'Dest123');
INSERT INTO Shipments VALUES (124, 'In Transit', 347.29, 'Dest124');
INSERT INTO Shipments VALUES (125, 'Lost', 78.19, 'Dest125');
INSERT INTO Shipments VALUES (126, 'Pending', 937.29, 'Dest126');
INSERT INTO Shipments VALUES (127, 'In Transit', 184.21, 'Dest127');
INSERT INTO Shipments VALUES (128, 'Delayed', 474.97, 'Dest128');
INSERT INTO Shipments VALUES (129, 'Delivered', 267.44, 'Dest129');
INSERT INTO Shipments VALUES (130, 'Delayed', 707.29, 'Dest130');
INSERT INTO Shipments VALUES (131, 'Lost', 93.52, 'Dest131');
INSERT INTO Shipments VALUES (132, 'Lost', 316.67, 'Dest132');
INSERT INTO Shipments VALUES (133, 'Delayed', 385.75, 'Dest133');
INSERT INTO Shipments VALUES (134, 'In Transit', 634.93, 'Dest134');
INSERT INTO Shipments VALUES (135, 'Delivered', 972.61, 'Dest135');
INSERT INTO Shipments VALUES (136, 'Pending', 944.27, 'Dest136');
INSERT INTO Shipments VALUES (137, 'Lost', 934.13, 'Dest137');
INSERT INTO Shipments VALUES (138, 'In Transit', 776.68, 'Dest138');
INSERT INTO Shipments VALUES (139, 'Delayed', 81.66, 'Dest139');
INSERT INTO Shipments VALUES (140, 'In Transit', 398.23, 'Dest140');
INSERT INTO Shipments VALUES (141, 'In Transit', 622.95, 'Dest141');
INSERT INTO Shipments VALUES (142, 'Pending', 847.24, 'Dest142');
INSERT INTO Shipments VALUES (143, 'Delayed', 433.85, 'Dest143');
INSERT INTO Shipments VALUES (144, 'Lost', 116.61, 'Dest144');
INSERT INTO Shipments VALUES (145, 'Delayed', 565.31, 'Dest145');
INSERT INTO Shipments VALUES (146, 'Delivered', 171.7, 'Dest146');
INSERT INTO Shipments VALUES (147, 'Lost', 356.59, 'Dest147');
INSERT INTO Shipments VALUES (148, 'In Transit', 967.37, 'Dest148');
INSERT INTO Shipments VALUES (149, 'Lost', 707.88, 'Dest149');
INSERT INTO Shipments VALUES (150, 'In Transit', 826.72, 'Dest150');
INSERT INTO Shipments VALUES (151, 'In Transit', 530.16, 'Dest151');
INSERT INTO Shipments VALUES (152, 'Lost', 589.4, 'Dest152');
INSERT INTO Shipments VALUES (153, 'Lost', 975.29, 'Dest153');
INSERT INTO Shipments VALUES (154, 'In Transit', 138.91, 'Dest154');
INSERT INTO Shipments VALUES (155, 'Delivered', 95.31, 'Dest155');
INSERT INTO Shipments VALUES (156, 'In Transit', 425.6, 'Dest156');
INSERT INTO Shipments VALUES (157, 'In Transit', 769.91, 'Dest157');
INSERT INTO Shipments VALUES (158, 'Pending', 158.45, 'Dest158');
INSERT INTO Shipments VALUES (159, 'Lost', 161.36, 'Dest159');
INSERT INTO Shipments VALUES (160, 'Lost', 223.6, 'Dest160');
INSERT INTO Shipments VALUES (161, 'Delivered', 286.93, 'Dest161');
INSERT INTO Shipments VALUES (162, 'In Transit', 617.27, 'Dest162');
INSERT INTO Shipments VALUES (163, 'Delivered', 69.7, 'Dest163');
INSERT INTO Shipments VALUES (164, 'In Transit', 561.75, 'Dest164');
INSERT INTO Shipments VALUES (165, 'Delayed', 683.63, 'Dest165');
INSERT INTO Shipments VALUES (166, 'Delivered', 345.74, 'Dest166');
INSERT INTO Shipments VALUES (167, 'In Transit', 724.42, 'Dest167');
INSERT INTO Shipments VALUES (168, 'Delivered', 231.32, 'Dest168');
INSERT INTO Shipments VALUES (169, 'Delayed', 138.79, 'Dest169');
INSERT INTO Shipments VALUES (170, 'Lost', 130.61, 'Dest170');
INSERT INTO Shipments VALUES (171, 'Lost', 663.55, 'Dest171');
INSERT INTO Shipments VALUES (172, 'Delivered', 271.12, 'Dest172');
INSERT INTO Shipments VALUES (173, 'Delayed', 394.32, 'Dest173');
INSERT INTO Shipments VALUES (174, 'Lost', 957.44, 'Dest174');
INSERT INTO Shipments VALUES (175, 'Delayed', 498.96, 'Dest175');
INSERT INTO Shipments VALUES (176, 'Delayed', 601.75, 'Dest176');
INSERT INTO Shipments VALUES (177, 'In Transit', 419.09, 'Dest177');
INSERT INTO Shipments VALUES (178, 'In Transit', 251.52, 'Dest178');
INSERT INTO Shipments VALUES (179, 'Pending', 738.05, 'Dest179');
INSERT INTO Shipments VALUES (180, 'In Transit', 991.56, 'Dest180');
INSERT INTO Shipments VALUES (181, 'Lost', 698.36, 'Dest181');
INSERT INTO Shipments VALUES (182, 'In Transit', 873.33, 'Dest182');
INSERT INTO Shipments VALUES (183, 'In Transit', 573.26, 'Dest183');
INSERT INTO Shipments VALUES (184, 'Lost', 240.99, 'Dest184');
INSERT INTO Shipments VALUES (185, 'Delayed', 595.75, 'Dest185');
INSERT INTO Shipments VALUES (186, 'Delayed', 943.71, 'Dest186');
INSERT INTO Shipments VALUES (187, 'Lost', 548.8, 'Dest187');
INSERT INTO Shipments VALUES (188, 'In Transit', 123.32, 'Dest188');
INSERT INTO Shipments VALUES (189, 'Delivered', 704.18, 'Dest189');
INSERT INTO Shipments VALUES (190, 'Delivered', 287.92, 'Dest190');
INSERT INTO Shipments VALUES (191, 'Delayed', 365.9, 'Dest191');
INSERT INTO Shipments VALUES (192, 'Pending', 774.2, 'Dest192');
INSERT INTO Shipments VALUES (193, 'Lost', 921.55, 'Dest193');
INSERT INTO Shipments VALUES (194, 'Lost', 229.27, 'Dest194');
INSERT INTO Shipments VALUES (195, 'Delivered', 764.1, 'Dest195');
INSERT INTO Shipments VALUES (196, 'In Transit', 275.11, 'Dest196');
INSERT INTO Shipments VALUES (197, 'Lost', 553.67, 'Dest197');
INSERT INTO Shipments VALUES (198, 'In Transit', 702.44, 'Dest198');
INSERT INTO Shipments VALUES (199, 'Lost', 374.38, 'Dest199');
INSERT INTO Shipments VALUES (200, 'In Transit', 542.73, 'Dest200');
CREATE TABLE IF NOT EXISTS Products (product_id INT PRIMARY KEY, product_name VARCHAR(100), price DECIMAL(10,2), cost DECIMAL(10,2));
INSERT INTO Products VALUES (1, 'Product-1', 293.8, 72.0);
INSERT INTO Products VALUES (2, 'Product-2', 428.68, 155.53);
INSERT INTO Products VALUES (3, 'Product-3', 405.27, 121.57);
INSERT INTO Products VALUES (4, 'Product-4', 379.9, 181.02);
INSERT INTO Products VALUES (5, 'Product-5', 221.92, 21.19);
INSERT INTO Products VALUES (6, 'Product-6', 311.23, 256.78);
INSERT INTO Products VALUES (7, 'Product-7', 264.67, 129.98);
INSERT INTO Products VALUES (8, 'Product-8', 388.78, 230.41);
INSERT INTO Products VALUES (9, 'Product-9', 212.87, 142.34);
INSERT INTO Products VALUES (10, 'Product-10', 338.73, 259.76);
INSERT INTO Products VALUES (11, 'Product-11', 319.82, 25.96);
INSERT INTO Products VALUES (12, 'Product-12', 546.64, 499.81);
INSERT INTO Products VALUES (13, 'Product-13', 535.55, 404.15);
INSERT INTO Products VALUES (14, 'Product-14', 720.63, 429.98);
INSERT INTO Products VALUES (15, 'Product-15', 284.42, 205.47);
INSERT INTO Products VALUES (16, 'Product-16', 358.99, 131.12);
INSERT INTO Products VALUES (17, 'Product-17', 590.25, 372.49);
INSERT INTO Products VALUES (18, 'Product-18', 117.13, 30.66);
INSERT INTO Products VALUES (19, 'Product-19', 482.43, 433.42);
INSERT INTO Products VALUES (20, 'Product-20', 472.36, 329.32);
INSERT INTO Products VALUES (21, 'Product-21', 443.06, 173.91);
INSERT INTO Products VALUES (22, 'Product-22', 286.56, 101.09);
INSERT INTO Products VALUES (23, 'Product-23', 86.07, 46.12);
INSERT INTO Products VALUES (24, 'Product-24', 261.56, 79.72);
INSERT INTO Products VALUES (25, 'Product-25', 592.14, 374.81);
INSERT INTO Products VALUES (26, 'Product-26', 360.85, 270.45);
INSERT INTO Products VALUES (27, 'Product-27', 265.15, 91.73);
INSERT INTO Products VALUES (28, 'Product-28', 582.52, 312.08);
INSERT INTO Products VALUES (29, 'Product-29', 366.89, 355.81);
INSERT INTO Products VALUES (30, 'Product-30', 481.51, 321.31);
INSERT INTO Products VALUES (31, 'Product-31', 199.12, 150.06);
INSERT INTO Products VALUES (32, 'Product-32', 344.64, 165.16);
INSERT INTO Products VALUES (33, 'Product-33', 507.45, 319.85);
INSERT INTO Products VALUES (34, 'Product-34', 446.03, 406.6);
INSERT INTO Products VALUES (35, 'Product-35', 416.47, 265.89);
INSERT INTO Products VALUES (36, 'Product-36', 174.06, 161.51);
INSERT INTO Products VALUES (37, 'Product-37', 295.06, 195.29);
INSERT INTO Products VALUES (38, 'Product-38', 638.07, 411.27);
INSERT INTO Products VALUES (39, 'Product-39', 223.73, 175.86);
INSERT INTO Products VALUES (40, 'Product-40', 480.51, 229.53);
INSERT INTO Products VALUES (41, 'Product-41', 464.2, 241.06);
INSERT INTO Products VALUES (42, 'Product-42', 483.93, 325.21);
INSERT INTO Products VALUES (43, 'Product-43', 623.25, 407.03);
INSERT INTO Products VALUES (44, 'Product-44', 217.52, 197.04);
INSERT INTO Products VALUES (45, 'Product-45', 429.03, 411.07);
INSERT INTO Products VALUES (46, 'Product-46', 500.84, 255.65);
INSERT INTO Products VALUES (47, 'Product-47', 244.72, 99.28);
INSERT INTO Products VALUES (48, 'Product-48', 376.37, 155.56);
INSERT INTO Products VALUES (49, 'Product-49', 236.08, 25.24);
INSERT INTO Products VALUES (50, 'Product-50', 428.33, 156.55);
INSERT INTO Products VALUES (51, 'Product-51', 241.4, 32.02);
INSERT INTO Products VALUES (52, 'Product-52', 346.39, 232.42);
INSERT INTO Products VALUES (53, 'Product-53', 167.4, 33.46);
INSERT INTO Products VALUES (54, 'Product-54', 543.85, 413.01);
INSERT INTO Products VALUES (55, 'Product-55', 114.88, 64.06);
INSERT INTO Products VALUES (56, 'Product-56', 471.56, 357.01);
INSERT INTO Products VALUES (57, 'Product-57', 463.22, 269.62);
INSERT INTO Products VALUES (58, 'Product-58', 205.98, 18.66);
INSERT INTO Products VALUES (59, 'Product-59', 372.21, 152.9);
INSERT INTO Products VALUES (60, 'Product-60', 574.91, 497.11);
INSERT INTO Products VALUES (61, 'Product-61', 606.87, 483.67);
INSERT INTO Products VALUES (62, 'Product-62', 278.95, 58.73);
INSERT INTO Products VALUES (63, 'Product-63', 675.46, 489.94);
INSERT INTO Products VALUES (64, 'Product-64', 502.71, 360.64);
INSERT INTO Products VALUES (65, 'Product-65', 287.71, 111.24);
INSERT INTO Products VALUES (66, 'Product-66', 137.28, 91.46);
INSERT INTO Products VALUES (67, 'Product-67', 473.19, 345.7);
INSERT INTO Products VALUES (68, 'Product-68', 341.68, 281.89);
INSERT INTO Products VALUES (69, 'Product-69', 504.69, 241.93);
INSERT INTO Products VALUES (70, 'Product-70', 384.06, 162.58);
INSERT INTO Products VALUES (71, 'Product-71', 89.18, 41.45);
INSERT INTO Products VALUES (72, 'Product-72', 347.08, 301.15);
INSERT INTO Products VALUES (73, 'Product-73', 363.42, 269.67);
INSERT INTO Products VALUES (74, 'Product-74', 535.33, 490.96);
INSERT INTO Products VALUES (75, 'Product-75', 155.31, 73.2);
INSERT INTO Products VALUES (76, 'Product-76', 657.14, 454.15);
INSERT INTO Products VALUES (77, 'Product-77', 423.6, 351.37);
INSERT INTO Products VALUES (78, 'Product-78', 403.2, 116.2);
INSERT INTO Products VALUES (79, 'Product-79', 423.17, 176.73);
INSERT INTO Products VALUES (80, 'Product-80', 144.65, 31.74);
INSERT INTO Products VALUES (81, 'Product-81', 300.16, 128.48);
INSERT INTO Products VALUES (82, 'Product-82', 164.53, 15.83);
INSERT INTO Products VALUES (83, 'Product-83', 441.15, 409.0);
INSERT INTO Products VALUES (84, 'Product-84', 231.85, 171.22);
INSERT INTO Products VALUES (85, 'Product-85', 284.17, 266.88);
INSERT INTO Products VALUES (86, 'Product-86', 571.14, 432.83);
INSERT INTO Products VALUES (87, 'Product-87', 474.2, 401.56);
INSERT INTO Products VALUES (88, 'Product-88', 86.14, 47.15);
INSERT INTO Products VALUES (89, 'Product-89', 659.01, 477.7);
INSERT INTO Products VALUES (90, 'Product-90', 408.47, 254.7);
INSERT INTO Products VALUES (91, 'Product-91', 508.13, 450.23);
INSERT INTO Products VALUES (92, 'Product-92', 220.68, 171.5);
INSERT INTO Products VALUES (93, 'Product-93', 528.53, 458.39);
INSERT INTO Products VALUES (94, 'Product-94', 393.67, 270.21);
INSERT INTO Products VALUES (95, 'Product-95', 592.7, 297.57);
INSERT INTO Products VALUES (96, 'Product-96', 310.99, 218.61);
INSERT INTO Products VALUES (97, 'Product-97', 394.86, 368.67);
INSERT INTO Products VALUES (98, 'Product-98', 358.36, 256.81);
INSERT INTO Products VALUES (99, 'Product-99', 325.45, 236.41);
INSERT INTO Products VALUES (100, 'Product-100', 725.69, 491.82);
INSERT INTO Products VALUES (101, 'Product-101', 350.6, 202.94);
INSERT INTO Products VALUES (102, 'Product-102', 449.59, 262.13);
INSERT INTO Products VALUES (103, 'Product-103', 276.98, 112.62);
INSERT INTO Products VALUES (104, 'Product-104', 466.29, 417.51);
INSERT INTO Products VALUES (105, 'Product-105', 691.71, 474.43);
INSERT INTO Products VALUES (106, 'Product-106', 281.31, 97.69);
INSERT INTO Products VALUES (107, 'Product-107', 311.53, 93.35);
INSERT INTO Products VALUES (108, 'Product-108', 658.73, 428.86);
INSERT INTO Products VALUES (109, 'Product-109', 327.31, 89.56);
INSERT INTO Products VALUES (110, 'Product-110', 338.33, 184.74);
INSERT INTO Products VALUES (111, 'Product-111', 570.04, 365.38);
INSERT INTO Products VALUES (112, 'Product-112', 641.63, 459.13);
INSERT INTO Products VALUES (113, 'Product-113', 442.95, 268.44);
INSERT INTO Products VALUES (114, 'Product-114', 564.97, 474.96);
INSERT INTO Products VALUES (115, 'Product-115', 328.92, 292.86);
INSERT INTO Products VALUES (116, 'Product-116', 282.25, 186.28);
INSERT INTO Products VALUES (117, 'Product-117', 666.99, 419.72);
INSERT INTO Products VALUES (118, 'Product-118', 425.55, 150.94);
INSERT INTO Products VALUES (119, 'Product-119', 352.91, 270.08);
INSERT INTO Products VALUES (120, 'Product-120', 362.46, 293.88);
INSERT INTO Products VALUES (121, 'Product-121', 317.58, 196.57);
INSERT INTO Products VALUES (122, 'Product-122', 306.17, 240.41);
INSERT INTO Products VALUES (123, 'Product-123', 213.39, 117.98);
INSERT INTO Products VALUES (124, 'Product-124', 287.39, 243.95);
INSERT INTO Products VALUES (125, 'Product-125', 361.38, 232.24);
INSERT INTO Products VALUES (126, 'Product-126', 190.27, 84.26);
INSERT INTO Products VALUES (127, 'Product-127', 422.19, 305.35);
INSERT INTO Products VALUES (128, 'Product-128', 158.57, 14.78);
INSERT INTO Products VALUES (129, 'Product-129', 627.78, 353.07);
INSERT INTO Products VALUES (130, 'Product-130', 383.76, 181.89);
INSERT INTO Products VALUES (131, 'Product-131', 227.41, 200.9);
INSERT INTO Products VALUES (132, 'Product-132', 462.27, 283.5);
INSERT INTO Products VALUES (133, 'Product-133', 507.22, 323.61);
INSERT INTO Products VALUES (134, 'Product-134', 537.75, 370.75);
INSERT INTO Products VALUES (135, 'Product-135', 372.0, 168.63);
INSERT INTO Products VALUES (136, 'Product-136', 327.86, 150.21);
INSERT INTO Products VALUES (137, 'Product-137', 460.38, 181.6);
INSERT INTO Products VALUES (138, 'Product-138', 537.94, 384.12);
INSERT INTO Products VALUES (139, 'Product-139', 547.83, 329.89);
INSERT INTO Products VALUES (140, 'Product-140', 404.42, 141.12);
INSERT INTO Products VALUES (141, 'Product-141', 142.33, 67.41);
INSERT INTO Products VALUES (142, 'Product-142', 295.46, 10.25);
INSERT INTO Products VALUES (143, 'Product-143', 165.66, 101.75);
INSERT INTO Products VALUES (144, 'Product-144', 285.81, 132.32);
INSERT INTO Products VALUES (145, 'Product-145', 364.36, 149.26);
INSERT INTO Products VALUES (146, 'Product-146', 428.13, 203.92);
INSERT INTO Products VALUES (147, 'Product-147', 463.53, 367.21);
INSERT INTO Products VALUES (148, 'Product-148', 317.48, 238.25);
INSERT INTO Products VALUES (149, 'Product-149', 529.73, 270.38);
INSERT INTO Products VALUES (150, 'Product-150', 278.16, 81.73);
CREATE TABLE IF NOT EXISTS Couriers (courier_id INT PRIMARY KEY, courier_name VARCHAR(100), avg_delivery_time DECIMAL(4,2));
INSERT INTO Couriers VALUES (1, 'Courier-1', 8.95);
INSERT INTO Couriers VALUES (2, 'Courier-2', 1.87);
INSERT INTO Couriers VALUES (3, 'Courier-3', 6.53);
INSERT INTO Couriers VALUES (4, 'Courier-4', 8.08);
INSERT INTO Couriers VALUES (5, 'Courier-5', 8.7);
INSERT INTO Couriers VALUES (6, 'Courier-6', 4.32);
INSERT INTO Couriers VALUES (7, 'Courier-7', 1.33);
INSERT INTO Couriers VALUES (8, 'Courier-8', 7.62);
INSERT INTO Couriers VALUES (9, 'Courier-9', 8.75);
INSERT INTO Couriers VALUES (10, 'Courier-10', 5.21);
INSERT INTO Couriers VALUES (11, 'Courier-11', 8.19);
INSERT INTO Couriers VALUES (12, 'Courier-12', 2.04);
INSERT INTO Couriers VALUES (13, 'Courier-13', 9.23);
INSERT INTO Couriers VALUES (14, 'Courier-14', 3.76);
INSERT INTO Couriers VALUES (15, 'Courier-15', 3.21);
INSERT INTO Couriers VALUES (16, 'Courier-16', 3.96);
INSERT INTO Couriers VALUES (17, 'Courier-17', 2.54);
INSERT INTO Couriers VALUES (18, 'Courier-18', 9.3);
INSERT INTO Couriers VALUES (19, 'Courier-19', 6.64);
INSERT INTO Couriers VALUES (20, 'Courier-20', 1.62);
INSERT INTO Couriers VALUES (21, 'Courier-21', 3.16);
INSERT INTO Couriers VALUES (22, 'Courier-22', 8.27);
INSERT INTO Couriers VALUES (23, 'Courier-23', 6.9);
INSERT INTO Couriers VALUES (24, 'Courier-24', 2.75);
INSERT INTO Couriers VALUES (25, 'Courier-25', 7.15);
INSERT INTO Couriers VALUES (26, 'Courier-26', 9.0);
INSERT INTO Couriers VALUES (27, 'Courier-27', 5.22);
INSERT INTO Couriers VALUES (28, 'Courier-28', 2.22);
INSERT INTO Couriers VALUES (29, 'Courier-29', 3.37);
INSERT INTO Couriers VALUES (30, 'Courier-30', 9.4);
INSERT INTO Couriers VALUES (31, 'Courier-31', 3.76);
INSERT INTO Couriers VALUES (32, 'Courier-32', 4.41);
INSERT INTO Couriers VALUES (33, 'Courier-33', 8.53);
INSERT INTO Couriers VALUES (34, 'Courier-34', 2.29);
INSERT INTO Couriers VALUES (35, 'Courier-35', 5.05);
INSERT INTO Couriers VALUES (36, 'Courier-36', 9.72);
INSERT INTO Couriers VALUES (37, 'Courier-37', 3.23);
INSERT INTO Couriers VALUES (38, 'Courier-38', 2.76);
INSERT INTO Couriers VALUES (39, 'Courier-39', 6.77);
INSERT INTO Couriers VALUES (40, 'Courier-40', 1.76);
INSERT INTO Couriers VALUES (41, 'Courier-41', 8.59);
INSERT INTO Couriers VALUES (42, 'Courier-42', 3.44);
INSERT INTO Couriers VALUES (43, 'Courier-43', 6.48);
INSERT INTO Couriers VALUES (44, 'Courier-44', 4.55);
INSERT INTO Couriers VALUES (45, 'Courier-45', 3.9);
INSERT INTO Couriers VALUES (46, 'Courier-46', 4.57);
INSERT INTO Couriers VALUES (47, 'Courier-47', 6.45);
INSERT INTO Couriers VALUES (48, 'Courier-48', 1.2);
INSERT INTO Couriers VALUES (49, 'Courier-49', 7.38);
INSERT INTO Couriers VALUES (50, 'Courier-50', 8.54);
INSERT INTO Couriers VALUES (51, 'Courier-51', 9.28);
INSERT INTO Couriers VALUES (52, 'Courier-52', 4.4);
INSERT INTO Couriers VALUES (53, 'Courier-53', 5.41);
INSERT INTO Couriers VALUES (54, 'Courier-54', 2.4);
INSERT INTO Couriers VALUES (55, 'Courier-55', 1.93);
INSERT INTO Couriers VALUES (56, 'Courier-56', 9.89);
INSERT INTO Couriers VALUES (57, 'Courier-57', 3.38);
INSERT INTO Couriers VALUES (58, 'Courier-58', 5.8);
INSERT INTO Couriers VALUES (59, 'Courier-59', 5.75);
INSERT INTO Couriers VALUES (60, 'Courier-60', 9.75);
INSERT INTO Couriers VALUES (61, 'Courier-61', 1.52);
INSERT INTO Couriers VALUES (62, 'Courier-62', 1.63);
INSERT INTO Couriers VALUES (63, 'Courier-63', 2.39);
INSERT INTO Couriers VALUES (64, 'Courier-64', 8.49);
INSERT INTO Couriers VALUES (65, 'Courier-65', 6.07);
INSERT INTO Couriers VALUES (66, 'Courier-66', 7.57);
INSERT INTO Couriers VALUES (67, 'Courier-67', 9.88);
INSERT INTO Couriers VALUES (68, 'Courier-68', 9.54);
INSERT INTO Couriers VALUES (69, 'Courier-69', 6.34);
INSERT INTO Couriers VALUES (70, 'Courier-70', 2.19);
INSERT INTO Couriers VALUES (71, 'Courier-71', 4.95);
INSERT INTO Couriers VALUES (72, 'Courier-72', 8.3);
INSERT INTO Couriers VALUES (73, 'Courier-73', 7.33);
INSERT INTO Couriers VALUES (74, 'Courier-74', 7.75);
INSERT INTO Couriers VALUES (75, 'Courier-75', 4.02);
INSERT INTO Couriers VALUES (76, 'Courier-76', 7.07);
INSERT INTO Couriers VALUES (77, 'Courier-77', 3.64);
INSERT INTO Couriers VALUES (78, 'Courier-78', 5.17);
INSERT INTO Couriers VALUES (79, 'Courier-79', 4.35);
INSERT INTO Couriers VALUES (80, 'Courier-80', 8.44);
INSERT INTO Couriers VALUES (81, 'Courier-81', 8.02);
INSERT INTO Couriers VALUES (82, 'Courier-82', 5.2);
INSERT INTO Couriers VALUES (83, 'Courier-83', 6.65);
INSERT INTO Couriers VALUES (84, 'Courier-84', 5.14);
INSERT INTO Couriers VALUES (85, 'Courier-85', 2.88);
INSERT INTO Couriers VALUES (86, 'Courier-86', 8.1);
INSERT INTO Couriers VALUES (87, 'Courier-87', 1.24);
INSERT INTO Couriers VALUES (88, 'Courier-88', 6.31);
INSERT INTO Couriers VALUES (89, 'Courier-89', 1.18);
INSERT INTO Couriers VALUES (90, 'Courier-90', 3.85);
INSERT INTO Couriers VALUES (91, 'Courier-91', 1.05);
INSERT INTO Couriers VALUES (92, 'Courier-92', 3.11);
INSERT INTO Couriers VALUES (93, 'Courier-93', 3.39);
INSERT INTO Couriers VALUES (94, 'Courier-94', 7.63);
INSERT INTO Couriers VALUES (95, 'Courier-95', 8.18);
INSERT INTO Couriers VALUES (96, 'Courier-96', 9.24);
INSERT INTO Couriers VALUES (97, 'Courier-97', 4.72);
INSERT INTO Couriers VALUES (98, 'Courier-98', 5.98);
INSERT INTO Couriers VALUES (99, 'Courier-99', 9.46);
INSERT INTO Couriers VALUES (100, 'Courier-100', 7.3);
CREATE TABLE IF NOT EXISTS Routes (route_id INT PRIMARY KEY, origin VARCHAR(50), destination VARCHAR(50), distance_km INT);
INSERT INTO Routes VALUES (1, 'City24', 'City58', 192);
INSERT INTO Routes VALUES (2, 'City40', 'City57', 249);
INSERT INTO Routes VALUES (3, 'City2', 'City82', 1699);
INSERT INTO Routes VALUES (4, 'City14', 'City73', 503);
INSERT INTO Routes VALUES (5, 'City23', 'City82', 500);
INSERT INTO Routes VALUES (6, 'City41', 'City84', 1195);
INSERT INTO Routes VALUES (7, 'City43', 'City78', 1262);
INSERT INTO Routes VALUES (8, 'City5', 'City92', 576);
INSERT INTO Routes VALUES (9, 'City26', 'City53', 1112);
INSERT INTO Routes VALUES (10, 'City18', 'City58', 968);
INSERT INTO Routes VALUES (11, 'City36', 'City69', 1260);
INSERT INTO Routes VALUES (12, 'City41', 'City54', 652);
INSERT INTO Routes VALUES (13, 'City23', 'City59', 145);
INSERT INTO Routes VALUES (14, 'City43', 'City66', 321);
INSERT INTO Routes VALUES (15, 'City43', 'City100', 1542);
INSERT INTO Routes VALUES (16, 'City31', 'City94', 243);
INSERT INTO Routes VALUES (17, 'City49', 'City58', 1623);
INSERT INTO Routes VALUES (18, 'City25', 'City77', 1372);
INSERT INTO Routes VALUES (19, 'City5', 'City69', 337);
INSERT INTO Routes VALUES (20, 'City33', 'City71', 581);
INSERT INTO Routes VALUES (21, 'City40', 'City96', 890);
INSERT INTO Routes VALUES (22, 'City8', 'City54', 1441);
INSERT INTO Routes VALUES (23, 'City38', 'City85', 1286);
INSERT INTO Routes VALUES (24, 'City44', 'City69', 606);
INSERT INTO Routes VALUES (25, 'City24', 'City60', 1483);
INSERT INTO Routes VALUES (26, 'City11', 'City100', 1148);
INSERT INTO Routes VALUES (27, 'City36', 'City63', 297);
INSERT INTO Routes VALUES (28, 'City26', 'City77', 1579);
INSERT INTO Routes VALUES (29, 'City42', 'City94', 394);
INSERT INTO Routes VALUES (30, 'City41', 'City70', 529);
INSERT INTO Routes VALUES (31, 'City41', 'City74', 1825);
INSERT INTO Routes VALUES (32, 'City46', 'City54', 234);
INSERT INTO Routes VALUES (33, 'City37', 'City98', 207);
INSERT INTO Routes VALUES (34, 'City10', 'City57', 1445);
INSERT INTO Routes VALUES (35, 'City20', 'City96', 363);
INSERT INTO Routes VALUES (36, 'City35', 'City87', 271);
INSERT INTO Routes VALUES (37, 'City10', 'City57', 148);
INSERT INTO Routes VALUES (38, 'City20', 'City78', 1850);
INSERT INTO Routes VALUES (39, 'City49', 'City54', 1527);
INSERT INTO Routes VALUES (40, 'City34', 'City65', 1045);
INSERT INTO Routes VALUES (41, 'City16', 'City66', 1216);
INSERT INTO Routes VALUES (42, 'City47', 'City55', 319);
INSERT INTO Routes VALUES (43, 'City23', 'City55', 904);
INSERT INTO Routes VALUES (44, 'City32', 'City59', 44);
INSERT INTO Routes VALUES (45, 'City47', 'City97', 312);
INSERT INTO Routes VALUES (46, 'City26', 'City84', 1988);
INSERT INTO Routes VALUES (47, 'City45', 'City100', 1582);
INSERT INTO Routes VALUES (48, 'City46', 'City89', 486);
INSERT INTO Routes VALUES (49, 'City42', 'City100', 1044);
INSERT INTO Routes VALUES (50, 'City4', 'City54', 1601);
INSERT INTO Routes VALUES (51, 'City10', 'City61', 1810);
INSERT INTO Routes VALUES (52, 'City8', 'City63', 1606);
INSERT INTO Routes VALUES (53, 'City19', 'City82', 679);
INSERT INTO Routes VALUES (54, 'City6', 'City53', 288);
INSERT INTO Routes VALUES (55, 'City5', 'City54', 460);
INSERT INTO Routes VALUES (56, 'City9', 'City54', 1846);
INSERT INTO Routes VALUES (57, 'City1', 'City95', 899);
INSERT INTO Routes VALUES (58, 'City46', 'City83', 1056);
INSERT INTO Routes VALUES (59, 'City25', 'City79', 548);
INSERT INTO Routes VALUES (60, 'City17', 'City68', 147);
INSERT INTO Routes VALUES (61, 'City48', 'City72', 1905);
INSERT INTO Routes VALUES (62, 'City33', 'City65', 615);
INSERT INTO Routes VALUES (63, 'City28', 'City63', 54);
INSERT INTO Routes VALUES (64, 'City30', 'City58', 1669);
INSERT INTO Routes VALUES (65, 'City41', 'City90', 864);
INSERT INTO Routes VALUES (66, 'City9', 'City66', 1299);
INSERT INTO Routes VALUES (67, 'City26', 'City55', 648);
INSERT INTO Routes VALUES (68, 'City11', 'City98', 1358);
INSERT INTO Routes VALUES (69, 'City9', 'City79', 361);
INSERT INTO Routes VALUES (70, 'City18', 'City57', 1067);
INSERT INTO Routes VALUES (71, 'City10', 'City53', 364);
INSERT INTO Routes VALUES (72, 'City6', 'City67', 272);
INSERT INTO Routes VALUES (73, 'City7', 'City97', 1404);
INSERT INTO Routes VALUES (74, 'City4', 'City86', 1421);
INSERT INTO Routes VALUES (75, 'City50', 'City85', 1784);
INSERT INTO Routes VALUES (76, 'City10', 'City89', 986);
INSERT INTO Routes VALUES (77, 'City11', 'City56', 706);
INSERT INTO Routes VALUES (78, 'City18', 'City62', 821);
INSERT INTO Routes VALUES (79, 'City29', 'City88', 1994);
INSERT INTO Routes VALUES (80, 'City41', 'City93', 514);
INSERT INTO Routes VALUES (81, 'City36', 'City90', 1679);
INSERT INTO Routes VALUES (82, 'City26', 'City70', 1413);
INSERT INTO Routes VALUES (83, 'City2', 'City91', 321);
INSERT INTO Routes VALUES (84, 'City47', 'City60', 711);
INSERT INTO Routes VALUES (85, 'City8', 'City92', 988);
INSERT INTO Routes VALUES (86, 'City33', 'City97', 1594);
INSERT INTO Routes VALUES (87, 'City7', 'City80', 50);
INSERT INTO Routes VALUES (88, 'City1', 'City87', 1770);
INSERT INTO Routes VALUES (89, 'City1', 'City57', 206);
INSERT INTO Routes VALUES (90, 'City9', 'City59', 1713);
INSERT INTO Routes VALUES (91, 'City15', 'City67', 535);
INSERT INTO Routes VALUES (92, 'City29', 'City74', 1598);
INSERT INTO Routes VALUES (93, 'City5', 'City53', 631);
INSERT INTO Routes VALUES (94, 'City40', 'City98', 1134);
INSERT INTO Routes VALUES (95, 'City4', 'City71', 1178);
INSERT INTO Routes VALUES (96, 'City4', 'City100', 1989);
INSERT INTO Routes VALUES (97, 'City12', 'City85', 1394);
INSERT INTO Routes VALUES (98, 'City5', 'City51', 435);
INSERT INTO Routes VALUES (99, 'City12', 'City64', 1496);
INSERT INTO Routes VALUES (100, 'City50', 'City56', 70);
CREATE TABLE IF NOT EXISTS Invoices (invoice_id INT PRIMARY KEY, amount DECIMAL(10,2), status VARCHAR(20));
INSERT INTO Invoices VALUES (1, 571.44, 'Overdue');
INSERT INTO Invoices VALUES (2, 2592.45, 'Unpaid');
INSERT INTO Invoices VALUES (3, 2209.98, 'Unpaid');
INSERT INTO Invoices VALUES (4, 4172.28, 'Overdue');
INSERT INTO Invoices VALUES (5, 617.85, 'Overdue');
INSERT INTO Invoices VALUES (6, 1831.16, 'Unpaid');
INSERT INTO Invoices VALUES (7, 2074.62, 'Overdue');
INSERT INTO Invoices VALUES (8, 204.16, 'Paid');
INSERT INTO Invoices VALUES (9, 3641.43, 'Overdue');
INSERT INTO Invoices VALUES (10, 3336.27, 'Unpaid');
INSERT INTO Invoices VALUES (11, 1834.26, 'Unpaid');
INSERT INTO Invoices VALUES (12, 4546.37, 'Overdue');
INSERT INTO Invoices VALUES (13, 3886.28, 'Overdue');
INSERT INTO Invoices VALUES (14, 3810.34, 'Overdue');
INSERT INTO Invoices VALUES (15, 4297.18, 'Paid');
INSERT INTO Invoices VALUES (16, 1734.21, 'Unpaid');
INSERT INTO Invoices VALUES (17, 3985.62, 'Unpaid');
INSERT INTO Invoices VALUES (18, 4407.49, 'Overdue');
INSERT INTO Invoices VALUES (19, 3298.55, 'Paid');
INSERT INTO Invoices VALUES (20, 1075.51, 'Unpaid');
INSERT INTO Invoices VALUES (21, 2271.73, 'Overdue');
INSERT INTO Invoices VALUES (22, 1827.03, 'Unpaid');
INSERT INTO Invoices VALUES (23, 1955.73, 'Paid');
INSERT INTO Invoices VALUES (24, 4107.81, 'Overdue');
INSERT INTO Invoices VALUES (25, 4683.35, 'Unpaid');
INSERT INTO Invoices VALUES (26, 4006.4, 'Paid');
INSERT INTO Invoices VALUES (27, 1912.56, 'Overdue');
INSERT INTO Invoices VALUES (28, 1738.24, 'Overdue');
INSERT INTO Invoices VALUES (29, 1842.68, 'Paid');
INSERT INTO Invoices VALUES (30, 2302.26, 'Unpaid');
INSERT INTO Invoices VALUES (31, 1119.82, 'Overdue');
INSERT INTO Invoices VALUES (32, 1916.26, 'Unpaid');
INSERT INTO Invoices VALUES (33, 4130.19, 'Overdue');
INSERT INTO Invoices VALUES (34, 1117.33, 'Paid');
INSERT INTO Invoices VALUES (35, 2826.72, 'Paid');
INSERT INTO Invoices VALUES (36, 3256.83, 'Paid');
INSERT INTO Invoices VALUES (37, 2559.97, 'Paid');
INSERT INTO Invoices VALUES (38, 4345.24, 'Unpaid');
INSERT INTO Invoices VALUES (39, 2277.14, 'Paid');
INSERT INTO Invoices VALUES (40, 2607.34, 'Unpaid');
INSERT INTO Invoices VALUES (41, 1457.33, 'Overdue');
INSERT INTO Invoices VALUES (42, 2830.42, 'Paid');
INSERT INTO Invoices VALUES (43, 4995.01, 'Paid');
INSERT INTO Invoices VALUES (44, 702.8, 'Unpaid');
INSERT INTO Invoices VALUES (45, 3038.74, 'Paid');
INSERT INTO Invoices VALUES (46, 1617.92, 'Paid');
INSERT INTO Invoices VALUES (47, 3531.48, 'Overdue');
INSERT INTO Invoices VALUES (48, 3251.9, 'Paid');
INSERT INTO Invoices VALUES (49, 3283.87, 'Paid');
INSERT INTO Invoices VALUES (50, 3308.35, 'Overdue');
INSERT INTO Invoices VALUES (51, 2240.51, 'Overdue');
INSERT INTO Invoices VALUES (52, 3082.25, 'Unpaid');
INSERT INTO Invoices VALUES (53, 2388.18, 'Overdue');
INSERT INTO Invoices VALUES (54, 3347.92, 'Paid');
INSERT INTO Invoices VALUES (55, 4149.6, 'Paid');
INSERT INTO Invoices VALUES (56, 4686.59, 'Unpaid');
INSERT INTO Invoices VALUES (57, 744.92, 'Paid');
INSERT INTO Invoices VALUES (58, 215.99, 'Unpaid');
INSERT INTO Invoices VALUES (59, 511.37, 'Overdue');
INSERT INTO Invoices VALUES (60, 1988.08, 'Overdue');
INSERT INTO Invoices VALUES (61, 2528.81, 'Unpaid');
INSERT INTO Invoices VALUES (62, 3720.94, 'Paid');
INSERT INTO Invoices VALUES (63, 4924.91, 'Unpaid');
INSERT INTO Invoices VALUES (64, 4792.45, 'Overdue');
INSERT INTO Invoices VALUES (65, 1813.88, 'Overdue');
INSERT INTO Invoices VALUES (66, 3384.5, 'Paid');
INSERT INTO Invoices VALUES (67, 4599.78, 'Paid');
INSERT INTO Invoices VALUES (68, 4152.24, 'Overdue');
INSERT INTO Invoices VALUES (69, 4981.12, 'Unpaid');
INSERT INTO Invoices VALUES (70, 753.31, 'Paid');
INSERT INTO Invoices VALUES (71, 4215.68, 'Overdue');
INSERT INTO Invoices VALUES (72, 3335.97, 'Overdue');
INSERT INTO Invoices VALUES (73, 216.95, 'Unpaid');
INSERT INTO Invoices VALUES (74, 1922.83, 'Unpaid');
INSERT INTO Invoices VALUES (75, 3904.29, 'Unpaid');
INSERT INTO Invoices VALUES (76, 3428.91, 'Unpaid');
INSERT INTO Invoices VALUES (77, 495.49, 'Unpaid');
INSERT INTO Invoices VALUES (78, 2074.75, 'Unpaid');
INSERT INTO Invoices VALUES (79, 2610.8, 'Overdue');
INSERT INTO Invoices VALUES (80, 2966.08, 'Paid');
INSERT INTO Invoices VALUES (81, 1861.19, 'Overdue');
INSERT INTO Invoices VALUES (82, 1018.33, 'Overdue');
INSERT INTO Invoices VALUES (83, 3654.93, 'Overdue');
INSERT INTO Invoices VALUES (84, 4981.47, 'Paid');
INSERT INTO Invoices VALUES (85, 4894.85, 'Overdue');
INSERT INTO Invoices VALUES (86, 2736.47, 'Paid');
INSERT INTO Invoices VALUES (87, 3382.36, 'Paid');
INSERT INTO Invoices VALUES (88, 4259.34, 'Overdue');
INSERT INTO Invoices VALUES (89, 212.92, 'Overdue');
INSERT INTO Invoices VALUES (90, 3518.76, 'Unpaid');
INSERT INTO Invoices VALUES (91, 1637.07, 'Overdue');
INSERT INTO Invoices VALUES (92, 932.44, 'Unpaid');
INSERT INTO Invoices VALUES (93, 4922.34, 'Paid');
INSERT INTO Invoices VALUES (94, 3875.22, 'Paid');
INSERT INTO Invoices VALUES (95, 3363.82, 'Paid');
INSERT INTO Invoices VALUES (96, 678.07, 'Paid');
INSERT INTO Invoices VALUES (97, 4365.52, 'Paid');
INSERT INTO Invoices VALUES (98, 3434.07, 'Paid');
INSERT INTO Invoices VALUES (99, 2441.61, 'Unpaid');
INSERT INTO Invoices VALUES (100, 4219.44, 'Unpaid');
CREATE TABLE IF NOT EXISTS Suppliers (supplier_id INT PRIMARY KEY, supplier_name VARCHAR(100), rating DECIMAL(3,1));
INSERT INTO Suppliers VALUES (1, 'Supplier-1', 2.8);
INSERT INTO Suppliers VALUES (2, 'Supplier-2', 3.3);
INSERT INTO Suppliers VALUES (3, 'Supplier-3', 2.7);
INSERT INTO Suppliers VALUES (4, 'Supplier-4', 1.8);
INSERT INTO Suppliers VALUES (5, 'Supplier-5', 3.2);
INSERT INTO Suppliers VALUES (6, 'Supplier-6', 1.7);
INSERT INTO Suppliers VALUES (7, 'Supplier-7', 3.6);
INSERT INTO Suppliers VALUES (8, 'Supplier-8', 4.4);
INSERT INTO Suppliers VALUES (9, 'Supplier-9', 4.9);
INSERT INTO Suppliers VALUES (10, 'Supplier-10', 4.9);
INSERT INTO Suppliers VALUES (11, 'Supplier-11', 3.4);
INSERT INTO Suppliers VALUES (12, 'Supplier-12', 3.1);
INSERT INTO Suppliers VALUES (13, 'Supplier-13', 3.5);
INSERT INTO Suppliers VALUES (14, 'Supplier-14', 1.7);
INSERT INTO Suppliers VALUES (15, 'Supplier-15', 2.7);
INSERT INTO Suppliers VALUES (16, 'Supplier-16', 2.9);
INSERT INTO Suppliers VALUES (17, 'Supplier-17', 2.5);
INSERT INTO Suppliers VALUES (18, 'Supplier-18', 3.3);
INSERT INTO Suppliers VALUES (19, 'Supplier-19', 4.9);
INSERT INTO Suppliers VALUES (20, 'Supplier-20', 2.9);
INSERT INTO Suppliers VALUES (21, 'Supplier-21', 2.9);
INSERT INTO Suppliers VALUES (22, 'Supplier-22', 2.5);
INSERT INTO Suppliers VALUES (23, 'Supplier-23', 1.9);
INSERT INTO Suppliers VALUES (24, 'Supplier-24', 1.1);
INSERT INTO Suppliers VALUES (25, 'Supplier-25', 3.1);
INSERT INTO Suppliers VALUES (26, 'Supplier-26', 1.5);
INSERT INTO Suppliers VALUES (27, 'Supplier-27', 2.6);
INSERT INTO Suppliers VALUES (28, 'Supplier-28', 3.7);
INSERT INTO Suppliers VALUES (29, 'Supplier-29', 1.0);
INSERT INTO Suppliers VALUES (30, 'Supplier-30', 3.3);
INSERT INTO Suppliers VALUES (31, 'Supplier-31', 4.2);
INSERT INTO Suppliers VALUES (32, 'Supplier-32', 4.7);
INSERT INTO Suppliers VALUES (33, 'Supplier-33', 1.2);
INSERT INTO Suppliers VALUES (34, 'Supplier-34', 2.4);
INSERT INTO Suppliers VALUES (35, 'Supplier-35', 2.7);
INSERT INTO Suppliers VALUES (36, 'Supplier-36', 1.2);
INSERT INTO Suppliers VALUES (37, 'Supplier-37', 1.6);
INSERT INTO Suppliers VALUES (38, 'Supplier-38', 1.1);
INSERT INTO Suppliers VALUES (39, 'Supplier-39', 1.9);
INSERT INTO Suppliers VALUES (40, 'Supplier-40', 3.4);
INSERT INTO Suppliers VALUES (41, 'Supplier-41', 3.1);
INSERT INTO Suppliers VALUES (42, 'Supplier-42', 2.4);
INSERT INTO Suppliers VALUES (43, 'Supplier-43', 4.8);
INSERT INTO Suppliers VALUES (44, 'Supplier-44', 4.1);
INSERT INTO Suppliers VALUES (45, 'Supplier-45', 3.0);
INSERT INTO Suppliers VALUES (46, 'Supplier-46', 4.8);
INSERT INTO Suppliers VALUES (47, 'Supplier-47', 2.2);
INSERT INTO Suppliers VALUES (48, 'Supplier-48', 4.0);
INSERT INTO Suppliers VALUES (49, 'Supplier-49', 2.2);
INSERT INTO Suppliers VALUES (50, 'Supplier-50', 4.3);
INSERT INTO Suppliers VALUES (51, 'Supplier-51', 2.8);
INSERT INTO Suppliers VALUES (52, 'Supplier-52', 3.9);
INSERT INTO Suppliers VALUES (53, 'Supplier-53', 3.3);
INSERT INTO Suppliers VALUES (54, 'Supplier-54', 2.2);
INSERT INTO Suppliers VALUES (55, 'Supplier-55', 3.0);
INSERT INTO Suppliers VALUES (56, 'Supplier-56', 1.3);
INSERT INTO Suppliers VALUES (57, 'Supplier-57', 2.8);
INSERT INTO Suppliers VALUES (58, 'Supplier-58', 3.4);
INSERT INTO Suppliers VALUES (59, 'Supplier-59', 2.8);
INSERT INTO Suppliers VALUES (60, 'Supplier-60', 1.8);
INSERT INTO Suppliers VALUES (61, 'Supplier-61', 1.2);
INSERT INTO Suppliers VALUES (62, 'Supplier-62', 4.6);
INSERT INTO Suppliers VALUES (63, 'Supplier-63', 1.1);
INSERT INTO Suppliers VALUES (64, 'Supplier-64', 2.5);
INSERT INTO Suppliers VALUES (65, 'Supplier-65', 1.2);
INSERT INTO Suppliers VALUES (66, 'Supplier-66', 2.7);
INSERT INTO Suppliers VALUES (67, 'Supplier-67', 2.2);
INSERT INTO Suppliers VALUES (68, 'Supplier-68', 4.8);
INSERT INTO Suppliers VALUES (69, 'Supplier-69', 4.2);
INSERT INTO Suppliers VALUES (70, 'Supplier-70', 1.6);
INSERT INTO Suppliers VALUES (71, 'Supplier-71', 2.2);
INSERT INTO Suppliers VALUES (72, 'Supplier-72', 3.1);
INSERT INTO Suppliers VALUES (73, 'Supplier-73', 3.6);
INSERT INTO Suppliers VALUES (74, 'Supplier-74', 1.1);
INSERT INTO Suppliers VALUES (75, 'Supplier-75', 1.9);
INSERT INTO Suppliers VALUES (76, 'Supplier-76', 4.6);
INSERT INTO Suppliers VALUES (77, 'Supplier-77', 3.1);
INSERT INTO Suppliers VALUES (78, 'Supplier-78', 4.9);
INSERT INTO Suppliers VALUES (79, 'Supplier-79', 1.6);
INSERT INTO Suppliers VALUES (80, 'Supplier-80', 4.0);
INSERT INTO Suppliers VALUES (81, 'Supplier-81', 4.8);
INSERT INTO Suppliers VALUES (82, 'Supplier-82', 4.4);
INSERT INTO Suppliers VALUES (83, 'Supplier-83', 4.1);
INSERT INTO Suppliers VALUES (84, 'Supplier-84', 2.5);
INSERT INTO Suppliers VALUES (85, 'Supplier-85', 3.2);
INSERT INTO Suppliers VALUES (86, 'Supplier-86', 4.8);
INSERT INTO Suppliers VALUES (87, 'Supplier-87', 1.6);
INSERT INTO Suppliers VALUES (88, 'Supplier-88', 3.3);
INSERT INTO Suppliers VALUES (89, 'Supplier-89', 2.9);
INSERT INTO Suppliers VALUES (90, 'Supplier-90', 1.3);
INSERT INTO Suppliers VALUES (91, 'Supplier-91', 2.3);
INSERT INTO Suppliers VALUES (92, 'Supplier-92', 4.9);
INSERT INTO Suppliers VALUES (93, 'Supplier-93', 1.6);
INSERT INTO Suppliers VALUES (94, 'Supplier-94', 1.3);
INSERT INTO Suppliers VALUES (95, 'Supplier-95', 1.2);
INSERT INTO Suppliers VALUES (96, 'Supplier-96', 4.5);
INSERT INTO Suppliers VALUES (97, 'Supplier-97', 4.4);
INSERT INTO Suppliers VALUES (98, 'Supplier-98', 1.3);
INSERT INTO Suppliers VALUES (99, 'Supplier-99', 3.1);
INSERT INTO Suppliers VALUES (100, 'Supplier-100', 4.1);
CREATE TABLE IF NOT EXISTS Inventory (inventory_id INT PRIMARY KEY, product_name VARCHAR(100), stock_level INT, supplier_id INT);
INSERT INTO Inventory VALUES (1, 'Product-1', 60, 74);
INSERT INTO Inventory VALUES (2, 'Product-2', 76, 94);
INSERT INTO Inventory VALUES (3, 'Product-3', 51, 80);
INSERT INTO Inventory VALUES (4, 'Product-4', 474, 66);
INSERT INTO Inventory VALUES (5, 'Product-5', 424, 40);
INSERT INTO Inventory VALUES (6, 'Product-6', 323, 42);
INSERT INTO Inventory VALUES (7, 'Product-7', 369, 6);
INSERT INTO Inventory VALUES (8, 'Product-8', 308, 20);
INSERT INTO Inventory VALUES (9, 'Product-9', 157, 13);
INSERT INTO Inventory VALUES (10, 'Product-10', 198, 33);
INSERT INTO Inventory VALUES (11, 'Product-11', 253, 37);
INSERT INTO Inventory VALUES (12, 'Product-12', 397, 20);
INSERT INTO Inventory VALUES (13, 'Product-13', 291, 79);
INSERT INTO Inventory VALUES (14, 'Product-14', 191, 32);
INSERT INTO Inventory VALUES (15, 'Product-15', 70, 30);
INSERT INTO Inventory VALUES (16, 'Product-16', 250, 42);
INSERT INTO Inventory VALUES (17, 'Product-17', 172, 52);
INSERT INTO Inventory VALUES (18, 'Product-18', 346, 93);
INSERT INTO Inventory VALUES (19, 'Product-19', 26, 52);
INSERT INTO Inventory VALUES (20, 'Product-20', 373, 52);
INSERT INTO Inventory VALUES (21, 'Product-21', 6, 3);
INSERT INTO Inventory VALUES (22, 'Product-22', 313, 61);
INSERT INTO Inventory VALUES (23, 'Product-23', 304, 63);
INSERT INTO Inventory VALUES (24, 'Product-24', 116, 7);
INSERT INTO Inventory VALUES (25, 'Product-25', 224, 97);
INSERT INTO Inventory VALUES (26, 'Product-26', 199, 12);
INSERT INTO Inventory VALUES (27, 'Product-27', 7, 6);
INSERT INTO Inventory VALUES (28, 'Product-28', 344, 86);
INSERT INTO Inventory VALUES (29, 'Product-29', 32, 65);
INSERT INTO Inventory VALUES (30, 'Product-30', 407, 66);
INSERT INTO Inventory VALUES (31, 'Product-31', 193, 25);
INSERT INTO Inventory VALUES (32, 'Product-32', 288, 82);
INSERT INTO Inventory VALUES (33, 'Product-33', 189, 28);
INSERT INTO Inventory VALUES (34, 'Product-34', 308, 42);
INSERT INTO Inventory VALUES (35, 'Product-35', 282, 33);
INSERT INTO Inventory VALUES (36, 'Product-36', 359, 94);
INSERT INTO Inventory VALUES (37, 'Product-37', 12, 36);
INSERT INTO Inventory VALUES (38, 'Product-38', 376, 50);
INSERT INTO Inventory VALUES (39, 'Product-39', 92, 56);
INSERT INTO Inventory VALUES (40, 'Product-40', 260, 49);
INSERT INTO Inventory VALUES (41, 'Product-41', 157, 77);
INSERT INTO Inventory VALUES (42, 'Product-42', 399, 42);
INSERT INTO Inventory VALUES (43, 'Product-43', 79, 6);
INSERT INTO Inventory VALUES (44, 'Product-44', 398, 29);
INSERT INTO Inventory VALUES (45, 'Product-45', 330, 89);
INSERT INTO Inventory VALUES (46, 'Product-46', 116, 24);
INSERT INTO Inventory VALUES (47, 'Product-47', 445, 39);
INSERT INTO Inventory VALUES (48, 'Product-48', 256, 20);
INSERT INTO Inventory VALUES (49, 'Product-49', 262, 60);
INSERT INTO Inventory VALUES (50, 'Product-50', 48, 64);
INSERT INTO Inventory VALUES (51, 'Product-51', 78, 90);
INSERT INTO Inventory VALUES (52, 'Product-52', 8, 85);
INSERT INTO Inventory VALUES (53, 'Product-53', 58, 3);
INSERT INTO Inventory VALUES (54, 'Product-54', 472, 88);
INSERT INTO Inventory VALUES (55, 'Product-55', 233, 9);
INSERT INTO Inventory VALUES (56, 'Product-56', 273, 6);
INSERT INTO Inventory VALUES (57, 'Product-57', 300, 3);
INSERT INTO Inventory VALUES (58, 'Product-58', 300, 33);
INSERT INTO Inventory VALUES (59, 'Product-59', 390, 22);
INSERT INTO Inventory VALUES (60, 'Product-60', 291, 55);
INSERT INTO Inventory VALUES (61, 'Product-61', 410, 12);
INSERT INTO Inventory VALUES (62, 'Product-62', 164, 16);
INSERT INTO Inventory VALUES (63, 'Product-63', 346, 6);
INSERT INTO Inventory VALUES (64, 'Product-64', 389, 50);
INSERT INTO Inventory VALUES (65, 'Product-65', 125, 10);
INSERT INTO Inventory VALUES (66, 'Product-66', 38, 29);
INSERT INTO Inventory VALUES (67, 'Product-67', 229, 92);
INSERT INTO Inventory VALUES (68, 'Product-68', 318, 16);
INSERT INTO Inventory VALUES (69, 'Product-69', 489, 63);
INSERT INTO Inventory VALUES (70, 'Product-70', 342, 92);
INSERT INTO Inventory VALUES (71, 'Product-71', 264, 35);
INSERT INTO Inventory VALUES (72, 'Product-72', 363, 30);
INSERT INTO Inventory VALUES (73, 'Product-73', 67, 28);
INSERT INTO Inventory VALUES (74, 'Product-74', 398, 46);
INSERT INTO Inventory VALUES (75, 'Product-75', 303, 70);
INSERT INTO Inventory VALUES (76, 'Product-76', 89, 93);
INSERT INTO Inventory VALUES (77, 'Product-77', 205, 68);
INSERT INTO Inventory VALUES (78, 'Product-78', 317, 10);
INSERT INTO Inventory VALUES (79, 'Product-79', 437, 50);
INSERT INTO Inventory VALUES (80, 'Product-80', 229, 8);
INSERT INTO Inventory VALUES (81, 'Product-81', 442, 14);
INSERT INTO Inventory VALUES (82, 'Product-82', 24, 13);
INSERT INTO Inventory VALUES (83, 'Product-83', 96, 57);
INSERT INTO Inventory VALUES (84, 'Product-84', 161, 64);
INSERT INTO Inventory VALUES (85, 'Product-85', 309, 13);
INSERT INTO Inventory VALUES (86, 'Product-86', 467, 14);
INSERT INTO Inventory VALUES (87, 'Product-87', 138, 76);
INSERT INTO Inventory VALUES (88, 'Product-88', 251, 95);
INSERT INTO Inventory VALUES (89, 'Product-89', 289, 32);
INSERT INTO Inventory VALUES (90, 'Product-90', 376, 81);
INSERT INTO Inventory VALUES (91, 'Product-91', 144, 39);
INSERT INTO Inventory VALUES (92, 'Product-92', 460, 51);
INSERT INTO Inventory VALUES (93, 'Product-93', 203, 53);
INSERT INTO Inventory VALUES (94, 'Product-94', 236, 33);
INSERT INTO Inventory VALUES (95, 'Product-95', 32, 45);
INSERT INTO Inventory VALUES (96, 'Product-96', 459, 30);
INSERT INTO Inventory VALUES (97, 'Product-97', 288, 15);
INSERT INTO Inventory VALUES (98, 'Product-98', 265, 6);
INSERT INTO Inventory VALUES (99, 'Product-99', 166, 13);
INSERT INTO Inventory VALUES (100, 'Product-100', 449, 77);
INSERT INTO Inventory VALUES (101, 'Product-101', 382, 36);
INSERT INTO Inventory VALUES (102, 'Product-102', 460, 44);
INSERT INTO Inventory VALUES (103, 'Product-103', 183, 79);
INSERT INTO Inventory VALUES (104, 'Product-104', 401, 54);
INSERT INTO Inventory VALUES (105, 'Product-105', 458, 50);
INSERT INTO Inventory VALUES (106, 'Product-106', 232, 93);
INSERT INTO Inventory VALUES (107, 'Product-107', 466, 86);
INSERT INTO Inventory VALUES (108, 'Product-108', 135, 40);
INSERT INTO Inventory VALUES (109, 'Product-109', 358, 45);
INSERT INTO Inventory VALUES (110, 'Product-110', 41, 30);
INSERT INTO Inventory VALUES (111, 'Product-111', 487, 7);
INSERT INTO Inventory VALUES (112, 'Product-112', 486, 12);
INSERT INTO Inventory VALUES (113, 'Product-113', 60, 71);
INSERT INTO Inventory VALUES (114, 'Product-114', 475, 42);
INSERT INTO Inventory VALUES (115, 'Product-115', 356, 48);
INSERT INTO Inventory VALUES (116, 'Product-116', 456, 99);
INSERT INTO Inventory VALUES (117, 'Product-117', 417, 98);
INSERT INTO Inventory VALUES (118, 'Product-118', 251, 26);
INSERT INTO Inventory VALUES (119, 'Product-119', 319, 50);
INSERT INTO Inventory VALUES (120, 'Product-120', 375, 53);
INSERT INTO Inventory VALUES (121, 'Product-121', 103, 61);
INSERT INTO Inventory VALUES (122, 'Product-122', 151, 29);
INSERT INTO Inventory VALUES (123, 'Product-123', 211, 31);
INSERT INTO Inventory VALUES (124, 'Product-124', 345, 3);
INSERT INTO Inventory VALUES (125, 'Product-125', 193, 76);
INSERT INTO Inventory VALUES (126, 'Product-126', 296, 32);
INSERT INTO Inventory VALUES (127, 'Product-127', 260, 84);
INSERT INTO Inventory VALUES (128, 'Product-128', 109, 79);
INSERT INTO Inventory VALUES (129, 'Product-129', 57, 59);
INSERT INTO Inventory VALUES (130, 'Product-130', 372, 93);
INSERT INTO Inventory VALUES (131, 'Product-131', 147, 77);
INSERT INTO Inventory VALUES (132, 'Product-132', 8, 60);
INSERT INTO Inventory VALUES (133, 'Product-133', 165, 64);
INSERT INTO Inventory VALUES (134, 'Product-134', 48, 75);
INSERT INTO Inventory VALUES (135, 'Product-135', 19, 57);
INSERT INTO Inventory VALUES (136, 'Product-136', 180, 86);
INSERT INTO Inventory VALUES (137, 'Product-137', 208, 85);
INSERT INTO Inventory VALUES (138, 'Product-138', 19, 74);
INSERT INTO Inventory VALUES (139, 'Product-139', 143, 4);
INSERT INTO Inventory VALUES (140, 'Product-140', 472, 89);
INSERT INTO Inventory VALUES (141, 'Product-141', 68, 51);
INSERT INTO Inventory VALUES (142, 'Product-142', 38, 19);
INSERT INTO Inventory VALUES (143, 'Product-143', 84, 25);
INSERT INTO Inventory VALUES (144, 'Product-144', 50, 65);
INSERT INTO Inventory VALUES (145, 'Product-145', 394, 56);
INSERT INTO Inventory VALUES (146, 'Product-146', 56, 75);
INSERT INTO Inventory VALUES (147, 'Product-147', 130, 7);
INSERT INTO Inventory VALUES (148, 'Product-148', 391, 23);
INSERT INTO Inventory VALUES (149, 'Product-149', 106, 73);
INSERT INTO Inventory VALUES (150, 'Product-150', 242, 42);
CREATE TABLE IF NOT EXISTS Returns (return_id INT PRIMARY KEY, product_name VARCHAR(100), reason VARCHAR(100), refund_amount DECIMAL(10,2));
INSERT INTO Returns VALUES (1, 'Product-51', 'Defective', 46.21);
INSERT INTO Returns VALUES (2, 'Product-71', 'Damaged', 114.16);
INSERT INTO Returns VALUES (3, 'Product-55', 'Not Needed', 103.29);
INSERT INTO Returns VALUES (4, 'Product-90', 'Damaged', 380.17);
INSERT INTO Returns VALUES (5, 'Product-147', 'Wrong Item', 26.93);
INSERT INTO Returns VALUES (6, 'Product-20', 'Defective', 170.87);
INSERT INTO Returns VALUES (7, 'Product-26', 'Not Needed', 283.98);
INSERT INTO Returns VALUES (8, 'Product-100', 'Defective', 355.55);
INSERT INTO Returns VALUES (9, 'Product-42', 'Defective', 317.04);
INSERT INTO Returns VALUES (10, 'Product-120', 'Not Needed', 401.01);
INSERT INTO Returns VALUES (11, 'Product-146', 'Not Needed', 429.8);
INSERT INTO Returns VALUES (12, 'Product-23', 'Damaged', 236.78);
INSERT INTO Returns VALUES (13, 'Product-73', 'Defective', 304.88);
INSERT INTO Returns VALUES (14, 'Product-134', 'Defective', 412.8);
INSERT INTO Returns VALUES (15, 'Product-87', 'Defective', 492.72);
INSERT INTO Returns VALUES (16, 'Product-148', 'Defective', 483.61);
INSERT INTO Returns VALUES (17, 'Product-123', 'Defective', 114.19);
INSERT INTO Returns VALUES (18, 'Product-146', 'Damaged', 437.97);
INSERT INTO Returns VALUES (19, 'Product-30', 'Defective', 347.75);
INSERT INTO Returns VALUES (20, 'Product-127', 'Wrong Item', 270.64);
INSERT INTO Returns VALUES (21, 'Product-69', 'Damaged', 252.17);
INSERT INTO Returns VALUES (22, 'Product-82', 'Damaged', 312.85);
INSERT INTO Returns VALUES (23, 'Product-94', 'Damaged', 49.51);
INSERT INTO Returns VALUES (24, 'Product-23', 'Wrong Item', 457.57);
INSERT INTO Returns VALUES (25, 'Product-115', 'Damaged', 387.3);
INSERT INTO Returns VALUES (26, 'Product-108', 'Damaged', 381.22);
INSERT INTO Returns VALUES (27, 'Product-85', 'Not Needed', 140.65);
INSERT INTO Returns VALUES (28, 'Product-28', 'Not Needed', 401.77);
INSERT INTO Returns VALUES (29, 'Product-123', 'Damaged', 104.18);
INSERT INTO Returns VALUES (30, 'Product-107', 'Wrong Item', 279.94);
INSERT INTO Returns VALUES (31, 'Product-149', 'Wrong Item', 346.62);
INSERT INTO Returns VALUES (32, 'Product-121', 'Damaged', 97.85);
INSERT INTO Returns VALUES (33, 'Product-68', 'Not Needed', 12.18);
INSERT INTO Returns VALUES (34, 'Product-20', 'Wrong Item', 126.61);
INSERT INTO Returns VALUES (35, 'Product-21', 'Damaged', 342.29);
INSERT INTO Returns VALUES (36, 'Product-85', 'Not Needed', 80.44);
INSERT INTO Returns VALUES (37, 'Product-10', 'Not Needed', 366.08);
INSERT INTO Returns VALUES (38, 'Product-10', 'Defective', 142.51);
INSERT INTO Returns VALUES (39, 'Product-15', 'Defective', 399.99);
INSERT INTO Returns VALUES (40, 'Product-95', 'Not Needed', 490.47);
INSERT INTO Returns VALUES (41, 'Product-148', 'Defective', 280.25);
INSERT INTO Returns VALUES (42, 'Product-104', 'Defective', 202.95);
INSERT INTO Returns VALUES (43, 'Product-145', 'Wrong Item', 446.79);
INSERT INTO Returns VALUES (44, 'Product-17', 'Defective', 155.1);
INSERT INTO Returns VALUES (45, 'Product-88', 'Wrong Item', 265.28);
INSERT INTO Returns VALUES (46, 'Product-40', 'Not Needed', 422.21);
INSERT INTO Returns VALUES (47, 'Product-109', 'Wrong Item', 464.67);
INSERT INTO Returns VALUES (48, 'Product-54', 'Wrong Item', 420.92);
INSERT INTO Returns VALUES (49, 'Product-4', 'Defective', 123.67);
INSERT INTO Returns VALUES (50, 'Product-75', 'Not Needed', 131.33);
INSERT INTO Returns VALUES (51, 'Product-67', 'Not Needed', 24.05);
INSERT INTO Returns VALUES (52, 'Product-123', 'Damaged', 131.55);
INSERT INTO Returns VALUES (53, 'Product-107', 'Wrong Item', 49.92);
INSERT INTO Returns VALUES (54, 'Product-51', 'Damaged', 478.21);
INSERT INTO Returns VALUES (55, 'Product-62', 'Defective', 219.59);
INSERT INTO Returns VALUES (56, 'Product-64', 'Not Needed', 380.62);
INSERT INTO Returns VALUES (57, 'Product-37', 'Not Needed', 182.92);
INSERT INTO Returns VALUES (58, 'Product-148', 'Damaged', 479.15);
INSERT INTO Returns VALUES (59, 'Product-16', 'Not Needed', 369.04);
INSERT INTO Returns VALUES (60, 'Product-143', 'Not Needed', 308.71);
INSERT INTO Returns VALUES (61, 'Product-91', 'Damaged', 324.31);
INSERT INTO Returns VALUES (62, 'Product-93', 'Damaged', 346.46);
INSERT INTO Returns VALUES (63, 'Product-71', 'Wrong Item', 109.91);
INSERT INTO Returns VALUES (64, 'Product-38', 'Defective', 100.29);
INSERT INTO Returns VALUES (65, 'Product-36', 'Damaged', 366.06);
INSERT INTO Returns VALUES (66, 'Product-39', 'Not Needed', 272.12);
INSERT INTO Returns VALUES (67, 'Product-104', 'Defective', 278.87);
INSERT INTO Returns VALUES (68, 'Product-147', 'Damaged', 282.22);
INSERT INTO Returns VALUES (69, 'Product-66', 'Defective', 319.32);
INSERT INTO Returns VALUES (70, 'Product-69', 'Defective', 49.26);
INSERT INTO Returns VALUES (71, 'Product-42', 'Wrong Item', 310.9);
INSERT INTO Returns VALUES (72, 'Product-131', 'Defective', 127.82);
INSERT INTO Returns VALUES (73, 'Product-85', 'Defective', 113.24);
INSERT INTO Returns VALUES (74, 'Product-133', 'Damaged', 316.73);
INSERT INTO Returns VALUES (75, 'Product-116', 'Wrong Item', 45.32);
INSERT INTO Returns VALUES (76, 'Product-26', 'Damaged', 428.69);
INSERT INTO Returns VALUES (77, 'Product-11', 'Defective', 288.78);
INSERT INTO Returns VALUES (78, 'Product-126', 'Wrong Item', 314.23);
INSERT INTO Returns VALUES (79, 'Product-26', 'Defective', 302.07);
INSERT INTO Returns VALUES (80, 'Product-131', 'Defective', 270.01);
INSERT INTO Returns VALUES (81, 'Product-119', 'Wrong Item', 210.02);
INSERT INTO Returns VALUES (82, 'Product-57', 'Defective', 407.95);
INSERT INTO Returns VALUES (83, 'Product-23', 'Not Needed', 443.75);
INSERT INTO Returns VALUES (84, 'Product-147', 'Defective', 97.34);
INSERT INTO Returns VALUES (85, 'Product-52', 'Wrong Item', 193.1);
INSERT INTO Returns VALUES (86, 'Product-4', 'Wrong Item', 467.09);
INSERT INTO Returns VALUES (87, 'Product-66', 'Not Needed', 388.57);
INSERT INTO Returns VALUES (88, 'Product-146', 'Not Needed', 284.46);
INSERT INTO Returns VALUES (89, 'Product-54', 'Not Needed', 335.23);
INSERT INTO Returns VALUES (90, 'Product-31', 'Wrong Item', 86.47);
INSERT INTO Returns VALUES (91, 'Product-132', 'Damaged', 220.91);
INSERT INTO Returns VALUES (92, 'Product-111', 'Not Needed', 108.55);
INSERT INTO Returns VALUES (93, 'Product-77', 'Wrong Item', 36.87);
INSERT INTO Returns VALUES (94, 'Product-139', 'Not Needed', 134.54);
INSERT INTO Returns VALUES (95, 'Product-52', 'Not Needed', 369.21);
INSERT INTO Returns VALUES (96, 'Product-58', 'Wrong Item', 451.72);
INSERT INTO Returns VALUES (97, 'Product-112', 'Wrong Item', 27.78);
INSERT INTO Returns VALUES (98, 'Product-20', 'Not Needed', 137.16);
INSERT INTO Returns VALUES (99, 'Product-14', 'Wrong Item', 129.22);
INSERT INTO Returns VALUES (100, 'Product-121', 'Damaged', 370.72);
